ï»¿Terme de recherche;Nombre total de recherches;Nombre total de recherches uniques
 bms2000;593;538
 dÃ©cÃ¨s;564;433
 eureka;422;398
 pressreader;397;380
 Pressreader;348;319
 la presse;307;257
 bms;281;250
 prdh;275;260
 multidictionnaire;262;257
 BMS2000;229;201
 lynda;208;134
 Press reader;200;186
 mariages;199;153
 le soleil;176;153
 press reader;176;170
 actes dâÃ©tat civil;170;155
 mes aieux;164;138
 grand robert;160;158
 naissances;149;126
 bms 2000;140;120
 PressReader;139;130
 gÃ©nÃ©alogie;117;110
 le devoir;112;101
 petit robert;104;102
 PRDH;104;98
 ancestry;100;90
 La Presse;97;89
 notaires;97;80
 parchemin;97;78
 Bms2000;93;78
 linkedin;87;70
 reperes;86;82
 La presse;84;70
 Lynda;84;46
 repÃ¨res;84;81
 jstor;82;80
 mesaieux;80;73
 montreal;80;62
 lynda.com;76;58
 QuÃ©bec;73;64
 Eureka;72;68
 lovell;72;63
 le nouvelliste;71;63
 montrÃ©al;70;51
 la patrie;69;55
 Le Soleil;69;54
 chicoutimi;68;46
 le petit robert;67;66
 rimouski;67;54
 erudit;66;55
 kanopy;64;60
 sherbrooke;63;50
 Overdrive;60;55
 BMS;59;54
 cairn;58;55
 MontrÃ©al;58;45
 value line;57;52
 Pretnumerique.ca;55;49
 Le Devoir;54;42
 lucinda riley;54;33
 overdrive;53;50
 protÃ©gez-vous;52;46
 ProtÃ©gez-vous;52;41
 genealogie;51;48
 montreal gazette;51;44
 Lovell;50;48
 robert collins;50;48
 beauce;49;28
 linkedin learning;49;44
 annuaire marcotte;48;47
 journal de montreal;48;46
 ken follett;48;37
 Ãtat civil;47;41
 auto repair;46;43
 oreilly;46;46
 Xavier vallee;46;14
 Naxos;45;43
 catalogue;44;42
 dictionnaire;43;40
 naxos;43;41
 Press Reader;43;42
 journaux quÃ©bÃ©cois;42;39
 quebec;42;35
 Liaison;41;18
 Lucinda riley;41;35
 EurÃªka;40;38
 morning chronicle;40;35
 Trois-RiviÃ¨res;40;23
 inondation;39;18
 joliette;39;28
 arbour;38;36
 Le devoir;38;31
 le droit;38;29
 Louise penny;38;27
 gazette;37;32
 james patterson;37;31
 Nouvelliste;37;30
 P154;37;25
 prÃªt numÃ©rique;37;35
 le canadien;36;27
 Le soleil;36;30
 longueuil;36;30
 chilton;35;33
 Consumer reports;35;31
 granby;35;27
 La Patrie;35;28
 Lynda.com;35;22
 novelist;35;35
 rosetta stone;35;33
 termium;35;35
 chemin de fer;34;26
 deslauriers;34;24
 Ã©rudit;34;33
 Michel Jean;34;21
 musique;34;31
 pretnumerique;34;32
 quÃ©bec;34;27
 valleyfield;34;32
 boucherville;33;8
 cinÃ©ma;33;24
 drummondville;33;25
 gatineau;33;23
 mcnaughton;33;3
 mediafilm;33;30
 Patrick senecal;33;21
 serge bouchard;33;29
 tout apprendre;33;24
 consumer reports;32;29
 Joliette;32;17
 Journal de MontrÃ©al;32;24
 le courrier;32;21
 nora roberts;32;22
 nouvelliste;32;28
 repere;32;26
 journaux rÃ©gionaux;31;27
 la tribune;31;25
 PrÃªt numÃ©rique;31;28
 saint-pierre-de-laverniÃ¨re;31;28
 sorel;31;28
 terrebonne;31;27
 trois-riviÃ¨res;31;27
 24 heures;30;27
 archives des notaires;30;22
 James Patterson;30;23
 Roman;30;22
 toutapprendre;30;27
 books in print;29;29
 le multidictionnaire;29;28
 louise penny;29;20
 globe and mail;28;25
 hull;28;23
 James patterson;28;13
 laval;28;18
 Les sept soeurs;28;19
 lisa gardner;28;19
 michel jean;28;18
 Nora Roberts;28;17
 Petit Robert;28;24
 Serge Bouchard;28;17
 ulrichsweb;28;28
 31H12;27;18
 Anne Robillard;27;15
 bayard;27;1
 Inventaire des greffes des notaires du RÃ©gime franÃ§ais;27;9
 john grisham;27;23
 journal de montrÃ©al;27;22
 le monde;27;21
 Louise Penny;27;11
 Milliardaire;27;27
 Nicolet;27;18
 pret numerique;27;25
 pret numÃ©rique;27;25
 romans;27;22
 saint-hubert;27;17
 Serge bouchard;27;18
 shawinigan;27;22
 Sherbrooke;27;24
 ValÃ©rie Perrin;27;24
" ""deslauriers"";26;18"
 annuaire lovell;26;26
 Bousquet;26;22
 dÃ©bÃ¢cle;26;10
 duquet;26;22
 Kukum;26;19
 Lucinda Riley;26;16
 michael connelly;26;22
 Michel jean;26;17
 Montreal;26;21
 Nora roberts;26;18
 richelieu;26;7
 worldcat;26;25
 Chilton;25;21
 Le clairon;25;19
 lÃ©vis;25;18
 miller;25;8
 quebec mercury;25;13
 saint-jean-baptiste;25;25
 cartes et plans;24;14
 cloutier;24;13
 gauvreau;24;20
 Grand Robert;24;24
 harlan coben;24;21
 kamouraska;24;20
 press;24;21
 rbdigital;24;16
 RepÃ¨res;24;19
1995;23;22
 Archives des notaires;23;21
 Chicoutimi;23;22
 farnham;23;16
 hoopla;23;18
 juste pour rire;23;21
 Kanopy;23;21
 kukum;23;20
 La Tribune;23;20
 laprairie;23;16
 Livre audio;23;17
 revues et journaux;23;18
 revues quÃ©bÃ©coises;23;22
 Robert Collins;23;21
 saint ferreol les neiges;23;5
 saint-henri;23;19
 Saint-Liboire;23;23
 Shawbridge;23;23
 the western wind;23;20
 thetford mines;23;18
 verdun;23;19
 zelko cic;23;1
 7 jours;22;17
 Abitibi-TÃ©miscamingue;22;10
 chateau richer;22;5
 East Broughton;22;14
 gazette officielle;22;19
 hockey;22;20
 hyacinthe;22;11
 la malbaie;22;20
 La patrie;22;21
 Le fille ma main deux tort RÅux film film de tort;22;1
 learning;22;20
 moreau pointe gatineau;22;15
 notaire;22;21
 Nouvelle-France;22;19
 o'reilly;22;20
 plans de villes et villages;22;19
 RBdigital;22;11
 rigaud;22;17
 Value line;22;21
 vaudreuil;22;18
 Allo police;21;15
