PracNo,PracticeName,Address1,Address2,Address3,Postcode,LCG,Registered_Patients
1,Dr. IRWIN & PARTNERS                ,HARLAND MEDICAL PRACTICE,WESTMINSTER AVENUE,BELFAST,BT4 1NS,Belfast,6727
3,Dr. MCCUTCHEON & PARTNERS           ,GREENWAY PRACTICE,2ND FLOOR THE ARCHES CENTRE,WESTMINSTER AVENUE NORTH,BT4 1NS,Belfast,7122
6,Dr. SHARKEY & PARTNERS              ,CARRYDUFF SURGERY,HILLSBOROUGH ROAD,CARRYDUFF BELFAST,BT8 8HR,Belfast,11257
10,Dr. WILSON & PARTNER                ,TEMPLEMORE MEDICAL CENTRE,225 ALBERTBRIDGE ROAD,BELFAST,BT5 4PX,Belfast,2445
13,Dr. COOGAN                          ,TEMPLEMORE MEDICAL CENTRE,225 ALBERTBRIDGE ROAD,BELFAST,BT5 4PX,Belfast,3247
14,Dr. COULTER & PARTNERS              ,KERRSLAND SURGERY,169 UPPER NEWTOWNARDS ROAD,BELFAST,BT4 3HZ,Belfast,8339
15,Dr. MCGARRITY & PARTNERS            ,54 HOLYWOOD ROAD,BELFAST,,BT4 1NT,Belfast,5635
16,Dr. ROSS & PARTNERS                 ,KNOCK MEDICAL CENTRE,423B UPPER NEWTOWNARDS ROAD,BELFAST,BT4 3LH,Belfast,6097
17,Dr. SCOTT & PARTNERS                ,HOLYWOOD ARCHES HEALTH CENTRE,WESTMINSTER AVENUE,BELFAST,BT4 1NS,Belfast,5531
18,Dr. MCCONVILLE & PARTNERS           ,BRIDGES FAMILY PRACTICE,2-6 BRYSON STREET,BELFAST,BT5 4ES,Belfast,7093
19,Dr. MITCHELL & PARTNERS             ,LINEN COURT SURGERY,336 BEERSBRIDGE ROAD,BELFAST,BT5 5DY,Belfast,4153
20,Dr. LUA & PARTNERS                  ,LEWIS SQUARE PRACTICE,THE ARCHES CENTRE,WESTMINSTER AVENUE NORTH,BT4 1NS,Belfast,4132
24,Dr. MCCLOSKEY & PARTNERS            ,THE MOUNT GROUP PRACTICE,50 CASTLEREAGH STREET,BELFAST,BT5 4NH,Belfast,4274
28,Dr. GALLAGHER & PARTNERS            ,THE VICTORIA PRACTICE,HOLYWOOD ARCHES HEALTH CENTRE,"WESTMINSTER AVENUE, BELFAST",BT4 1NS,Belfast,3353
29,Dr. SAVAGE & PARTNERS               ,CASTLEREAGH MEDICAL CENTRE,21 BALLYGOWAN ROAD,BELFAST,BT5 7LH,Belfast,4978
30,Dr. THOMPSON & PARTNERS             ,EASTSIDE SURGERY,56 TEMPLEMORE AVENUE,BELFAST,BT5 4FT,Belfast,2826
31,Dr. COOKE & PARTNERS                ,DUNDONALD MEDICAL CENTRE,16 CHURCH ROAD,"DUNDONALD, BELFAST",BT16 2LN,Belfast,7382
32,Dr. KELLY & PARTNERS                ,WILLOWFIELD SURGERY,50/52 CASTLEREAGH ROAD,BELFAST,BT5 5FP,Belfast,4020
33,Dr. RODGERS & PARTNERS              ,222 WOODSTOCK ROAD,BELFAST,,BT6 9DL,Belfast,4968
37,Dr. MONCRIEFF & PARTNERS            ,CHERRYVALLEY HEALTH CENTRE,KINGS SQUARE,BELFAST,BT5 7BP,Belfast,6598
38,Dr. ABERNETHY                       ,CHERRYVALLEY HEALTH CENTRE,KINGS SQUARE,BELFAST,BT5 7BP,Belfast,1976
52,Dr. SAVAGE & PARTNER                ,16 MCCANDLESS STREET,CRUMLIN ROAD,BELFAST,BT13 1RU,Belfast,2785
53,Dr. COLGAN                          ,463 FALLS ROAD,BELFAST,,BT12 6DD,Belfast,3109
55,Dr. O'KANE                          ,THE HEALTH CENTRE,94-100 CRUMLIN ROAD,BELFAST,BT14 6AR,Belfast,1200
57,Dr. CAMPBELL & PARTNER              ,"THE MAUREEN SHEEHAN CENTRE, BUILDING 2",106 ALBERT STREET,BELFAST,BT12 4HL,Belfast,5153
58,Dr. FARNAN & PARTNERS               ,THE GROUP SURGERY,257 NORTH QUEEN STREET,BELFAST,BT15 1HS,Belfast,5823
60,Dr. BURNS & PARTNERS                ,165 DUNCAIRN GARDENS,BELFAST,CO ANTRIM,BT15 2GE,Belfast,3399
61,Dr. CROSSIN & PARTNERS              ,THE CARRICK HILL MEDICAL CENTRE,1 CARRICK HILL,BELFAST,BT1 2JR,Belfast,9570
62,Dr. GARDINER & PARTNER              ,GARDINER FAMILY PRACTICE,CRUMLIN ROAD HEALTH CENTRE,"100 CRUMLIN ROAD, BELFAST",BT14 6AR,Belfast,1305
63,Dr. O'DONNELL & PARTNER             ,WILLOW MEDICAL PRACTICE,155 ANDERSONSTOWN ROAD,BELFAST,BT11 9EA,Belfast,3076
64,Dr. DONAGHY & PARTNERS              ,DUNVILLE HEALTH CENTRE,309 GROSVENOR ROAD,BELFAST,BT12 4LP,Belfast,4254
66,Dr. DURKAN & PARTNERS               ,"GROVE WELLBEING CENTRE, PARKSIDE SURGERY",120 YORK ROAD,BELFAST,BT15 3HF,Belfast,7025
68,Dr. CARDWELL & PARTNERS             ,136-138 SHANKILL ROAD,BELFAST,,BT13 2BD,Belfast,2552
69,Dr. TAN & PARTNER                   ,FLAX CENTRE,ARDOYNE AVENUE,BELFAST,BT14 7DA,Belfast,3021
70,Dr. CHAMBERS & PARTNERS             ,BALLYSILLAN GROUP PRACTICE,156-158 BALLYSILLAN ROAD,BELFAST,BT14 7QR,Belfast,5553
71,Dr. LEAVY & PARTNERS                ,463 SPRINGFIELD ROAD,BELFAST,,BT12 7DP,Belfast,6480
72,Dr. AGAHI & PARTNERS                ,MOUNTAINVIEW SURGERY,585 CRUMLIN ROAD,BELFAST,BT14 7GB,Belfast,1894
73,Dr. CLULOW & PARTNER                ,CRUMLIN ROAD FAMILY PRACTICE,CRUMLIN ROAD HEALTH CENTRE,"94-100 CRUMLIN ROAD, BELFAST",BT14 6AR,Belfast,2162
74,Dr. BEATTIE & PARTNER               ,DR SIMPSON & DR BEATTIE,NORTHGATE FAMILY PRACTICE,"36 DUNCAIRN GARDENS, BELFAST",BT15 2GH,Belfast,2743
75,Dr. MCCLOSKEY & PARTNERS            ,GROSVENOR ROAD SURGERY,216 GROSVENOR ROAD,BELFAST,BT12 5LT,Belfast,9903
79,Dr. O'NEILL & PARTNERS              ,70 SPRINGFIELD ROAD,BELFAST,CO ANTRIM,BT12 7AH,Belfast,9183
80,Dr. CONWAY & PARTNERS               ,460 OLDPARK ROAD,BELFAST,,BT14 6QG,Belfast,4822
81,Dr. MCHUGH & PARTNERS               ,46 SPRINGFIELD ROAD,BELFAST,,BT12 7AH,Belfast,7316
83,Dr. PATTON & PARTNERS               ,"GROVE WELLBEING CENTRE, GROVE MEDICAL PRACTICE",120 YORK ROAD,BELFAST,BT15 3HF,Belfast,5794
84,Dr. SALTERS & PARTNERS              ,186 FALLS ROAD,BELFAST,,BT12 6AG,Belfast,3679
85,Dr. MCMAHON & PARTNERS              ,515 ANTRIM ROAD,BELFAST,,BT15 3BS,Belfast,5143
86,Dr. HARKIN & PARTNERS               ,SALISBURY MEDICAL CENTRE,474 ANTRIM ROAD,BELFAST,BT15 5GF,Belfast,11021
92,Dr. MCFERRAN & PARTNERS             ,BALLYOWEN HEALTH CENTRE,179 ANDERSONSTOWN ROAD,BELFAST,BT11 9EA,Belfast,5141
93,Dr. CLARKE & PARTNERS               ,61 CLIFTONVILLE ROAD,BELFAST,,BT14 6JN,Belfast,5657
94,Dr. CUMMINGS & PARTNER              ,115 FALLS ROAD,BELFAST,,BT12 6AA,Belfast,7218
96,Dr. MAGENIS & PARTNERS              ,MALVERN FAMILY PRACTICE,69 SHANKILL ROAD,BELFAST,BT13 1FD,Belfast,5228
98,Dr. GILMORE & PARTNERS              ,THE LIGONIEL HEALTH CENTRE,74A LIGONIEL ROAD,BELFAST,BT14 8BY,Belfast,3948
101,Dr. KELLY & PARTNERS                ,132-136 SANDY ROW,BELFAST,CO ANTRIM,BT12 5EY,Belfast,4342
103,Dr. MAGUIRE & PARTNERS              ,15/17 CLIFTON STREET,BELFAST,,BT13 1AD,Belfast,8926
104,Dr. HUTCHINSON & PARTNERS           ,17 BALLYGOMARTIN ROAD,BELFAST,,BT13 3BW,Belfast,7923
105,Dr. DOGGART & PARTNERS              ,CHURCH VIEW MEDICAL PRACTICE,69 SHANKILL ROAD,BELFAST,BT13 1FD,Belfast,5023
111,Dr. MCKENNA                         ,2 THAMES STREET,BELFAST,CO ANTRIM,BT12 6AP,Belfast,2911
113,Dr. DUGAN                           ,173 ANDERSONSTOWN ROAD,BELFAST,,BT11 9EA,Belfast,4403
114,Dr. BONNAR & PARTNERS               ,33 STEWARTSTOWN ROAD,BELFAST,,BT11 9FZ,Belfast,7104
116,Dr. DORAN & PARTNERS                ,CROCUS STREET SURGERY,1 CROCUS STREET,BELFAST,BT12 7AP,Belfast,4429
132,Dr. MCGLADE & PARTNERS              ,DUNLUCE FAMILY PRACTICE,1 DUNLUCE AVENUE,BELFAST,BT9 7HR,Belfast,6130
136,Dr. HAIGNEY & PARTNERS              ,MOUNT ORIEL MEDICAL PRACTICE,KNOCKBREDA WTC,"110 SAINTFIELD ROAD, BELFAST",BT8 6GR,Belfast,7578
140,Dr. LOGAN & PARTNERS                ,THE HEALTH CENTRE,1 DUNLUCE AVENUE,BELFAST,BT9 7HR,Belfast,8985
143,Dr. SHERWOOD & PARTNERS             ,THE ROWAN TREE FAMILY PRACTICE,1 DUNLUCE AVENUE,BELFAST,BT9 7HR,Belfast,5555
145,Dr. KILLINER & PARTNERS             ,15A DONEGALL ROAD,BELFAST,,BT12 5JJ,Belfast,8481
146,Dr. HUGHES                          ,BALMORAL SURGERY,436 LISBURN ROAD,BELFAST,BT9 6GR,Belfast,4155
147,Dr. CHEYNE & PARTNERS               ,281 ORMEAU ROAD,BELFAST,,BT7 3GG,Belfast,7623
148,Dr. TONER & PARTNERS                ,SOUTH EAST FAMILY PRACTICE,370/372 CREGAGH ROAD,BELFAST,BT6 9EY,Belfast,8987
151,Dr. MCAULEY & PARTNERS              ,THE HEALTH CENTRE,13/25 FINAGHY ROAD SOUTH,BELFAST,BT10 0BX,Belfast,13217
153,Dr. O'HARE & PARTNERS               ,ORMEAU ROAD HEALTH CENTRE,120 ORMEAU ROAD,BELFAST,BT7 2EB,Belfast,9486
154,Dr. MCCAULEY & PARTNERS             ,142 - 144 UNIVERSITY STREET,BELFAST,,BT7 1HH,Belfast,5206
156,Dr. COLTON & PARTNERS               ,BALLYOWEN HEALTH CENTRE,179 ANDERSONSTOWN ROAD,BELFAST,BT11 9EA,Belfast,9453
157,Dr. FAIR & PARTNERS                 ,UNIVERSITY HEALTH CENTRE AT QUEENS,ELMWOOD MANSE,"7 UNIVERSITY TERRACE, BELFAST",BT7 1NP,Belfast,9807
159,Dr. BELL & PARTNERS                 ,485 ORMEAU ROAD,BELFAST,,BT7 3GR,Belfast,5914
164,Dr. MURDOCK & PARTNER               ,CREGAGH SURGERY,36 MONTGOMERY ROAD,BELFAST,BT6 9HL,Belfast,3668
165,Dr. KEANE & PARTNERS                ,6 NORTH PARADE,BELFAST,,BT7 2GG,Belfast,8880
166,Dr. CULLEN & PARTNER                ,BOTANIC MEDICAL CENTRE,51 BOTANIC AVENUE,BELFAST,BT7 1JL,Belfast,3401
191,Dr. FERGUSON & PARTNERS             ,THE MONTALTO MEDICAL CENTRE,2 DROMORE ROAD,BALLYNAHINCH,BT24 8AY,South Eastern,9814
192,Dr. MCGILL & PARTNERS               ,KILLYLEAGH SURGERY,14 DOWNPATRICK ROAD,"KILLYLEAGH, DOWNPATRICK",BT30 9RG,South Eastern,4952
193,Dr. GREER & PARTNERS                ,CLOUGH SURGERY,1 CASTLEWELLAN ROAD,CLOUGH,BT30 8RD,South Eastern,10478
194,Dr. HYLAND & PARTNER                ,THE SURGERY,CAUSEWAY PLACE,NEWCASTLE,BT33 0DN,South Eastern,2074
195,Dr. GILPIN                          ,THE SURGERY,CAUSEWAY PLACE,NEWCASTLE,BT33 0DN,South Eastern,1763
196,Dr. MURPHY & PARTNERS               ,THE HEALTH CENTRE,DOWNPATRICK ROAD,ARDGLASS,BT30 7SF,South Eastern,3283
198,Dr. ROSS & PARTNERS                 ,THE HEALTH CENTRE,FAIRVIEW,"SAINTFIELD, BALLYNAHINCH",BT24 7AD,South Eastern,9255
201,Dr. LEGGETT & PARTNERS              ,DONARD FAMILY PRACTICE,56 MAIN STREET,"NEWCASTLE, CO DOWN",BT33 0AE,South Eastern,11919
202,Dr. SMALL & PARTNER                 ,GP & PRIMARY CARE CENTRE,"FIRST FLOOR, DOWN HOSPITAL","STRUELL WELLS ROAD, DOWNPATRICK",BT30 6RL,South Eastern,3951
204,Dr. BOYLE & PARTNERS                ,THE SURGERY,12 THE GREEN,"IRISH STREET, DOWNPATRICK",BT30 6BE,South Eastern,4994
205,Dr. TRAINOR & PARTNERS              ,THE SURGERY,JAMES STREET,"CROSSGAR, DOWNPATRICK",BT30 9JU,South Eastern,4631
206,Dr. SHEVLIN & PARTNERS              ,GP & PRIMARY CARE CENTRE,"FIRST FLOOR, DOWN HOSPITAL","STRUELL WELLS ROAD, DOWNPATRICK",BT30 6RL,South Eastern,4972
207,Dr. CREANEY & PARTNERS              ,STREAM STREET SURGERY,40 STREAM STREET,DOWNPATRICK,BT30 6DE,South Eastern,4992
221,Dr. HALL & PARTNERS                 ,HEALTH CENTRE,BALLYNAHINCH ST,HILLSBOROUGH,BT26 6AW,South Eastern,10219
222,Dr. MULHOLLAND & PARTNERS           ,WOODBROOK MEDICAL PRACTICE,STEWARTSTOWN ROAD,DUNMURRY BELFAST,BT17 0FB,South Eastern,9308
223,Dr. CUPPLES & PARTNERS              ,LISBURN CITY PRACTICE,THE HEALTH CENTRE,LINENHALL STREET,BT28 1LU,South Eastern,5836
224,Dr. CAIRNS & PARTNERS               ,THE HEALTH CENTRE,LINENHALL STREET,LISBURN,BT28 1LU,South Eastern,7336
226,Dr. HICKS & PARTNERS                ,THE SURGERY,BEGNEY HILL ROAD,DROMARA,BT25 2AT,South Eastern,8411
227,Dr. CURRY & PARTNERS                ,THE HEALTH CENTRE,LINENHALL STREET,LISBURN,BT28 1LU,South Eastern,12420
228,Dr. FORDE & PARTNERS                ,LAGANVIEW MEDICAL PRACTICE,"LISBURN HEALTH CENTRE, LINENHALL STREET",LISBURN,BT28 1LU,South Eastern,4387
229,Dr. RUDDELL & PARTNERS              ,THE HEALTH CENTRE,LINENHALL STREET,LISBURN,BT28 1LU,South Eastern,8945
230,Dr. RYAN & PARTNERS                 ,THE HEALTH CENTRE,LINENHALL STREET,LISBURN,BT28 1LU,South Eastern,5126
231,Dr. PALMER & PARTNERS               ,THE HEALTH CENTRE,LINENHALL STREET,LISBURN,BT28 1LU,South Eastern,9664
232,Dr. DICK & PARTNERS                 ,192 KINGSWAY,DUNMURRY,BELFAST,BT17 9AL,South Eastern,7907
233,Dr. GALLAGHER & PARTNERS            ,GLENAVY FAMILY PRACTICE,47 MAIN STREET,"GLENAVY, CRUMLIN",BT29 4LN,South Eastern,4397
252,Dr. LAWSON & PARTNERS               ,PRIORY SURGERY,26 HIGH STREET,HOLYWOOD,BT18 9AD,South Eastern,14773
253,Dr. REID & PARTNERS                 ,THE HEALTH CENTRE,NEWTOWNARDS ROAD,BANGOR,BT20 4LD,South Eastern,7731
254,Dr. MARSHALL & PARTNER              ,24 LISBARNETT ROAD,LISBANE,NEWTOWNARDS,BT23 6AW,South Eastern,4268
255,Dr. KENNY & PARTNERS                ,THE HEALTH CENTRE,NEWTOWNARDS ROAD,BANGOR,BT20 4LD,South Eastern,5419
256,Dr. CRAIG & PARTNER                 ,140 GROOMSPORT ROAD,BANGOR,CO DOWN,BT20 5PE,South Eastern,5852
257,Dr. GOLDRING & PARTNERS             ,THE SURGERY,BROOK STREET,HOLYWOOD,BT18 9DA,South Eastern,8324
258,Dr. MANSON & PARTNERS               ,CASTLE PARK PRACTICE,BANGOR HEALTH CENTRE,NEWTOWNARDS ROAD,BT20 4LD,South Eastern,4951
259,Dr. DOYLE & PARTNERS                ,PORTAFERRY SURGERY,44 HIGH STREET,"PORTAFERRY, NEWTOWNARDS",BT22 1QT,South Eastern,6307
260,Dr. DORAN & PARTNERS                ,CHURCH VIEW FAMILY PRACTICE,THE HEALTH CENTRE,NEWTOWNARDS ROAD,BT20 4LD,South Eastern,7423
261,Dr. NEOH & PARTNERS                 ,KILLYNETHER PRACTICE,2A FREDERICK STREET,NEWTOWNARDS,BT23 4LR,South Eastern,6015
264,Dr. KINNEAR & PARTNER               ,SILVERBIRCH MEDICAL PRACTICE,39A SILVERBIRCH ROAD,BANGOR,BT19 6EU,South Eastern,2681
265,Dr. HYLAND & PARTNERS               ,THE SURGERY,1 CHURCH STREET,NEWTOWNARDS,BT23 4FH,South Eastern,7174
271,Dr. GREER & PARTNERS                ,OLD MILL SURGERY,CHURCH STREET,NEWTOWNARDS,BT23 4AS,South Eastern,10896
272,Dr. MCKEOWN & PARTNERS              ,16 A THE SQUARE,COMBER,NEWTOWNARDS,BT23 5DT,South Eastern,6802
273,Dr. WHITESIDE & PARTNERS            ,THE HEALTH CENTRE,5 NEWTOWNARDS ROAD,"COMBER, NEWTOWNARDS",BT23 5BA,South Eastern,7606
274,Dr. MCNUTT & PARTNERS               ,BLOOMFIELD SURGERY,95 BLOOMFIELD ROAD,BANGOR,BT20 4XA,South Eastern,10320
275,Dr. WEBB & PARTNERS                 ,REGENCY MEDICAL CENTRE,2A FREDERICK STREET,NEWTOWNARDS,BT23 4LR,South Eastern,4855
276,Dr. HISCOCKS & PARTNERS             ,DONAGHADEE HEALTH CENTRE,3 KILLAUGHEY ROAD,DONAGHADEE,BT21 0BU,South Eastern,9287
278,Dr. MCCANCE & PARTNERS              ,THE SURGERY,1 CHURCH STREET,NEWTOWNARDS,BT23 4FH,South Eastern,4389
280,Dr. SIMPSON & PARTNERS              ,ABBEY FAMILY PRACTICE,BANGOR HEALTH CENTRE,NEWTOWNARDS ROAD,BT20 4LD,South Eastern,5282
281,Dr. ABRAHAM & PARTNERS              ,CLELAND PARK SURGERY,2 CLELAND PARK,BANGOR,BT20 3EB,South Eastern,6066
282,Dr. HUGHES & PARTNERS               ,THE HEALTH CENTRE,FOWLER WAY,"BALLYWALTER, NEWTOWNARDS",BT22 2PY,South Eastern,6034
283,Dr. BAILIE & PARTNERS               ,LOUGH VIEW SURGERY,2 MAIN STREET,"KIRCUBBIN, NEWTOWNARDS",BT22 2SP,South Eastern,5772
285,Dr. JACKSON & PARTNER               ,GREEN ROAD MEDICAL CENTRE,5 GREEN ROAD,"CONLIG, NEWTOWNARDS",BT23 7PZ,South Eastern,4352
302,Dr. HUEY & PARTNERS                 ,THE SURGERY,80 CASTLETON,"TEMPLEPATRICK, BALLYCLARE",BT39 0AZ,Northern,9487
303,Dr. HYNDMAN & PARTNERS              ,1 GLENAVY ROAD,CRUMLIN,CO ANTRIM,BT29 4LA,Northern,8172
304,Dr. BUTLER & PARTNERS               ,MAINE MEDICAL PRACTICE,THE OLD MEETING HOUSE,2 STRAID RD,BT42 2PB,Northern,5173
305,Dr. DICK & PARTNERS                 ,BERNAGHMORE MEDICAL PRACTICE,BALLYMENA HEALTH & CARE CENTRE,"86 CUSHENDALL ROAD, BALLYMENA",BT43 6HB,Northern,3741
307,Dr. FIELD & PARTNERS                ,ANTRIM CASTLE SURGERY,32A STATION ROAD,ANTRIM,BT41 4BS,Northern,7910
308,Dr. HUNTER & PARTNERS               ,ORIEL SURGERY,31 ORIEL ROAD,ANTRIM,BT41 4HR,Northern,6215
310,Dr. MCKELVEY & PARTNERS             ,CULLYBACKEY HEALTH CENTRE,TOBER PARK,"CULLYBACKEY, BALLYMENA",BT42 1NW,Northern,7505
311,Dr. MAGOWAN & PARTNER               ,THE SURGERY,77 GALGORM ROAD,BALLYMENA,BT42 1AA,Northern,2465
312,Dr. HALL & PARTNER                  ,Slemish View Medical Practice,Ballymena Health & Care Centre,"86 Cushendall Road, Ballymena",BT43 6HB,Northern,2530
313,Dr. RUSSELL & PARTNERS              ,THE GABLES,45 WAVENEY ROAD,BALLYMENA,BT43 5BA,Northern,4037
314,Dr. DUNDEE & PARTNERS               ,WAVENEY MEDICAL PRACTICE,BALLYMENA HEALTH & CARE CENTRE,"86 CUSHENDALL ROAD, BALLYMENA",BT43 6HB,Northern,4677
315,Dr. WRIGHT                          ,BALLYMENA FAMILY PRACTICE,BALLYMENA HEALTH & CARE CENTRE,"86 CUSHENDALL ROAD, BALLYMENA",BT43 6HB,Northern,3211
317,Dr. REDMOND & PARTNERS              ,THE HEALTH CENTRE,76 MAIN STREET,BROUGHSHANE BALLYMENA,BT42 4JA,Northern,6926
319,Dr. MCCUSKER & PARTNERS             ,PORTGLENONE HEALTH CENTRE,17 TOWNHILL ROAD,"PORTGLENONE, BALLYMENA",BT44 8AD,Northern,6695
321,Dr. MCQUILLAN & PARTNERS            ,SEVEN TOWERS PRACTICE,BALLYMENA HEALTH & CARE CENTRE,"86 CUSHENDALL ROAD, BALLYMENA",BT43 6HB,Northern,4414
323,Dr. BROWN & PARTNER                 ,SMITHFIELD MEDICAL CENTRE,7 SMITHFIELD PLACE,"GALGORM ROAD, BALLYMENA",BT43 5HB,Northern,2841
325,Dr. BILL & PARTNERS                 ,KELLS & CONNOR MEDICAL CENTRE,36 CHURCH ROAD,"KELLS, BALLYMENA",BT42 3JU,Northern,3859
326,Dr. MCCUSKER & PARTNERS             ,THE FAMILY PRACTICE,THE HEALTH CENTRE,"STATION ROAD, ANTRIM",BT41 4BS,Northern,5812
327,Dr. KIDD & PARTNERS                 ,THE HEALTH CENTRE,STATION ROAD,ANTRIM,BT41 4BS,Northern,3646
328,Dr. JOHNSTON & PARTNERS             ,MAINE MEDICAL PRACTICE,"OLD MILL PARK, MAIN STREET","CULLYBACKEY, BALLYMENA",BT42 1GP,Northern,5021
330,Dr. MCKENNA & PARTNERS              ,THE HEALTH CENTRE,STATION ROAD,ANTRIM,BT41 4BS,Northern,4783
331,Dr. KHANNA & PARTNERS               ,BRAID FAMILY PRACTICE,BALLYMENA HEALTH & CARE CENTRE,"86 CUSHENDALL ROAD, BALLYMENA",BT43 6HB,Northern,4314
333,Dr. JOHNSTON & PARTNER              ,THE SURGERY,"TOOME HOUSE, 55 MAIN STREET","TOOMEBRIDGE, ANTRIM",BT41 3TF,Northern,3792
334,Dr. MCILROY & PARTNERS              ,THE HEALTH CENTRE,5 NEILLSBROOK ROAD,"RANDALSTOWN, ANTRIM",BT41 3AE,Northern,10415
336,Dr. MCCLEERY & PARTNERS             ,2 MALLUSK ROAD,NEWTOWNABBEY,,BT36 4PP,Northern,9090
337,Dr. DAVISON & PARTNERS              ,GLENGORMLEY PRACTICE,324 ANTRIM ROAD,NEWTOWNABBEY,BT36 5EQ,Northern,8800
341,Dr. MAXWELL & PARTNERS              ,THE HEALTH CENTRE,CASTLEROCK ROAD,COLERAINE,BT51 3HP,Northern,4841
344,Dr. TRACEY & PARTNERS               ,KILLOWEN MEDICAL CENTRE,CASTLEROCK ROAD,COLERAINE,BT51 3HP,Northern,5879
345,Dr. JOHNSTON & PARTNERS             ,BALLYMONEY FAMILY PRACTICE,BALLYMONEY HEALTH CENTRE,"21B NEWAL ROAD, BALLYMONEY",BT53 6HB,Northern,12769
346,Dr. WALLACE & PARTNERS              ,LODGE HEALTH,20 LODGE MANOR,COLERAINE,BT52 1JX,Northern,10073
349,Dr. STERNE & PARTNERS               ,THE COUNTRY MEDICAL PRACTICE,122 BALLINLEA ROAD,"ARMOY, BALLYMONEY",BT53 8TY,Northern,6196
350,Dr. JONES & PARTNER                 ,6 PRIESTLAND ROAD,BUSHMILLS,,BT57 8QP,Northern,3053
351,Dr. BAILIE & PARTNERS               ,PORTRUSH MEDICAL CENTRE,17 DUNLUCE AVENUE,PORTRUSH,BT56 8DW,Northern,7415
352,Dr. CONNOR & PARTNERS               ,GARVAGH HEALTH CENTRE,110 MAIN STREET,"GARVAGH, COLERAINE",BT51 5AE,Northern,5984
354,Dr. HARLEY & PARTNERS               ,THE FAMILY PRACTICE,6 LEVER ROAD,PORTSTEWART,BT55 7EF,Northern,3404
355,Dr. MCCORMACK & PARTNERS            ,THE HEALTH CENTRE,36 GARVAGH ROAD,"KILREA, COLERAINE",BT51 5QP,Northern,6766
356,Dr. BONNAR & PARTNERS               ,4 MOUNTSANDEL ROAD,COLERAINE,CO LONDONDERRY,BT52 1JB,Northern,11332
357,Dr. MCSPARRAN & PARTNERS            ,GLENS OF ANTRIM MEDICAL CENTRE,2 GORTACLEE ROAD,"CUSHENDALL, BALLYMENA",BT44 0TE,Northern,6423
358,Dr. WHITE                           ,LIFFOCK,69 SEA ROAD,"CASTLEROCK, COLERAINE",BT51 4TW,Northern,2764
360,Dr. HENDERSON & PARTNERS            ,THE HEALTH CENTRE,10 MONEYLECK ROAD,"RASHARKIN, BALLYMENA",BT44 8QB,Northern,4440
361,Dr. FANNIN & PARTNERS               ,THE HEALTH CENTRE,ROBINSON MEMORIAL HOSPITAL,BALLYMONEY,BT53 6HH,Northern,5418
366,Dr. MCLISTER & PARTNERS             ,DALRIADA FAMILY PRACTICE,1A COLERAINE ROAD,BALLYCASTLE,BT54 6BA,Northern,4147
367,Dr. MCCURDY & PARTNERS              ,THE FROCESS MEDICAL CENTRE,56 MAIN STREET,"CLOUGHMILLS, BALLYMENA",BT44 9LF,Northern,4836
368,Dr. HEGARTY & PARTNERS              ,BALLYCASTLE MEDICAL PRACTICE,1A COLERAINE ROAD,BALLYCASTLE,BT54 6BA,Northern,4831
369,Dr. TOPPING & PARTNERS              ,PORTSTEWART MEDICAL CENTRE,MILL ROAD,PORTSTEWART,BT55 7SW,Northern,4230
382,Dr. GORMAN & PARTNERS               ,MEADOWBRIDGE SURGERY,SLAUGHTERFORD ROAD,"WHITEHEAD, CARRICKFERGUS",BT38 9TG,Northern,9115
385,Dr. KERNOHAN & PARTNERS             ,OLD SCHOOL SURGERY,54 STATION ROAD,"GREENISLAND, CARRICKFERGUS",BT38 8TP,Northern,10835
387,Dr. BAIRD & PARTNERS                ,THE HEALTH CENTRE,TAYLORS AVENUE,CARRICKFERGUS,BT38 7HT,Northern,7251
388,Dr. SHEPHERD & PARTNERS             ,INVER SURGERY,MOYLE MEDICAL CENTRE,"OLD GLENARM ROAD, LARNE",BT40 1XH,Northern,5208
389,Dr. MCILROY & PARTNERS              ,CORRAN SURGERY,MOYLE MEDICAL CENTRE,"OLD GLENARM ROAD, LARNE",BT40 1XH,Northern,7962
390,Dr. MCALLISTER & PARTNERS           ,THE HEALTH CENTRE,TAYLORS AVENUE,CARRICKFERGUS,BT38 7HT,Northern,14820
391,Dr. FERGUSON & PARTNERS             ,VICTORIA SURGERY,MOYLE MEDICAL CENTRE,"OLD GLENARM ROAD, LARNE",BT40 1XH,Northern,5766
393,Dr. BLACK & PARTNER                 ,THE HEALTH CENTRE,GLOUCESTER AVENUE,LARNE,BT40 1PB,Northern,2933
394,Dr. CALDWELL & PARTNERS             ,LARNE FAMILY PRACTICE,LARNE HEALTH CENTRE,GLOUCESTER AVENUE,BT40 1PB,Northern,4928
395,Dr. WILSON & PARTNER                ,ROCKFIELD MEDICAL CENTRE,BALLYMENA,,BT43 6JD,Northern,4010
396,Dr. VERCOE-ROGERS & PARTNER         ,OLD BANK SURGERY,18 BALLYMONEY ROAD,BALLYMENA,BT43 5BY,Northern,3739
401,Dr. WRAY & PARTNERS                 ,MID ULSTER HEALTH CARE,THE HEALTH CENTRE,52 ORRITOR ROAD,BT80 8BN,Northern,6613
402,Dr. WHITE & PARTNERS                ,DRAPERSTOWN SURGERY,6 TOBERMORE ROAD,"DRAPERSTOWN, MAGHERAFELT",BT45 7AG,Northern,8563
404,Dr. DALZELL & PARTNERS              ,67 URBAL ROAD,COAGH,COOKSTOWN,BT80 0DP,Northern,5338
405,Dr. FLANIGAN & PARTNERS             ,LOY MEDICAL CENTRE,8 LOY STREET,COOKSTOWN,BT80 8PE,Northern,5839
406,Dr. WALLS & PARTNERS                ,29 GARDEN STREET,MAGHERAFELT,CO LONDONDERRY,BT45 5DD,Northern,9552
407,Dr. BROWN & PARTNERS                ,OAKS FAMILY PRACTICE CENTRE,48 ORRITOR ROAD,COOKSTOWN,BT80 8BH,Northern,7872
409,Dr. MCCOY & PARTNERS                ,THE HEALTH CENTRE,50 HILLHEAD,"STEWARTSTOWN, DUNGANNON",BT71 5HY,Northern,5893
410,Dr. SHAW & PARTNERS                 ,MAGHERA MEDICAL CENTRE,25 CHURCH STREET,MAGHERA,BT46 5EA,Northern,8558
412,Dr. MORRIS & PARTNERS               ,THE DIAMOND MEDICAL CENTRE,MARKET SQUARE,MAGHERAFELT,BT45 6ED,Northern,9197
413,Dr. GRAHAM                          ,LOY BUILDINGS,18 LOY STREET,COOKSTOWN,BT80 8PE,Northern,2587
417,Dr. HINDS & PARTNERS                ,THE SURGERY,STATION ROAD,"CASTLEDAWSON, MAGHERAFELT",BT45 8AZ,Northern,7245
419,Dr. HUNTER                          ,FAIRHILL SURGERY,1 FAIRHILL ROAD,MAGHERAFELT CO LONDONDERRY,BT45 6BL,Northern,1816
420,Dr. KURIACOSE & PARTNERS            ,MONEYMORE MEDICAL PRACTICE,3 FAIRHILL,MONEYMORE,BT45 7LJ,Northern,5968
431,Dr. MEENAN & PARTNERS               ,WHITEHOUSE MEDICAL GROUP PRACTICE,"UNIT 29A, FIRST FLOOR, ABBEYCENTRE","LONGWOOD ROAD, NEWTOWNABBEY",BT37 9UH,Northern,9530
433,Dr. RAFFERTY & PARTNERS             ,THE HEALTH CENTRE,GEORGE AVENUE,BALLYCLARE,BT39 9HL,Northern,15251
434,Dr. HENDRON & PARTNERS              ,ABBOTS CROSS MEDICAL PRACTICE,92 DOAGH ROAD,NEWTOWNABBEY,BT37 9QW,Northern,8207
438,Dr. BEIRNE & PARTNERS               ,TRAMWAYS MEDICAL CENTRE,FARMLEY ROAD,NEWTOWNABBEY,BT36 7XX,Northern,10336
440,Dr. DORAN & PARTNERS                ,NOTTING HILL MEDICAL PRACTICE,DOAGH ROAD,NEWTOWNABBEY,BT37 9QN,Northern,10319
451,Dr. CLARKE & PARTNERS               ,BROWNLOW HEALTH CENTRE,1 LEGAHORY CENTRE,"LEGAHORY, CRAIGAVON",BT65 5BE,Southern,6411
453,Dr. MCCLOSKEY & PARTNERS            ,BANBRIDGE GROUP SURGERY,1 OLD HOSPITAL ROAD,BANBRIDGE,BT32 3GN,Southern,4327
454,Dr. HUEY & PARTNERS                 ,THE SURGERY,11 MAIN STREET,"LOUGHBRICKLAND, BANBRIDGE",BT32 3NQ,Southern,8844
455,Dr. MAGOWAN & PARTNERS              ,THE HEALTH CENTRE,CASTLEVIEW,"GILFORD, CRAIGAVON",BT63 6JS,Southern,5865
457,Dr. DE ALWIS & PARTNERS             ,WYNNE HILL SURGERY,51 HILL STREET,"LURGAN, CRAIGAVON",BT66 6BW,Southern,11501
458,Dr. TROUGHTON & PARTNERS            ,WATERSIDE MEDICAL PRACTICE,PORTADOWN HEALTH&CARE CENTRE,TAVANAGH AVENUE,BT62 3BU,Southern,4988
460,Dr. LENNON & PARTNERS               ,60A MAIN STREET,DONAGHCLONEY,CRAIGAVON,BT66 7LR,Southern,4367
461,Dr. CLARKE & PARTNERS               ,MEADOWS FAMILY PRACTICE,THE HEALTH CENTRE,TAVANAGH AVENUE,BT62 3BU,Southern,4138
462,Dr. EAKIN & PARTNERS                ,60 HIGH STREET,LURGAN,CRAIGAVON,BT66 8BA,Southern,9859
463,Dr. PATTERSON & PARTNERS            ,THE SURGERY,7 MOORES LANE,"LURGAN, CRAIGAVON",BT66 8DW,Southern,5001
464,Dr. O'CONNOR & PARTNERS             ,THE HEALTH CENTRE,TAVANAGH AVENUE,"PORTADOWN, CRAIGAVON",BT62 3BU,Southern,4953
465,Dr. ARMSTRONG & PARTNERS            ,28 CHURCH WALK,LURGAN,CRAIGAVON,BT67 9AA,Southern,8656
467,Dr. MCAULEY & PARTNERS              ,87/89 WILLIAM STREET,LURGAN,CRAIGAVON,BT66 6JB,Southern,5562
469,Dr. MCCANDLESS & PARTNERS           ,BANBRIDGE GROUP SURGERY,1 OLD HOSPITAL ROAD,BANBRIDGE,BT32 3GN,Southern,9039
470,Dr. SHARPE & PARTNERS               ,RIVERSIDE PRACTICE,"THE HEALTH CENTRE, TAVANAGH AVENUE","PORTADOWN, CRAIGAVON",BT62 3BU,Southern,13516
471,Dr. MCNIFF & PARTNERS               ,BANBRIDGE GROUP SURGERY,1 OLD HOSPITAL ROAD,BANBRIDGE,BT32 3GN,Southern,7943
472,Dr. MULLAN & PARTNER                ,SCARVA STREET SURGERY,60 SCARVA STREET,"LOUGHBRICKLAND, BANBRIDGE",BT32 3NH,Southern,3242
473,Dr. DAVIS & PARTNERS                ,52 MAIN STREET,MOIRA,CRAIGAVON,BT67 0LQ,South Eastern,10120
474,Dr. BEATTY & PARTNERS               ,50 GALLOWS STREET,DROMORE,CO DOWN,BT25 1BD,Southern,8235
475,Dr. WILSON & PARTNERS               ,8a LURGAN ROAD,AGHALEE,CRAIGAVON,BT67 0DD,South Eastern,5626
476,Dr. LUTTON & PARTNERS               ,THE SURGERY,32 STATION ROAD,"BALLYWARD, CASTLEWELLAN",BT31 9TU,Southern,2782
477,Dr. WILLIAMSON & PARTNERS           ,ORCHARD FAMILY PRACTICE,THE HEALTH CENTRE,TAVANAGH AVE,BT62 3BU,Southern,5101
478,Dr. HAGAN & PARTNERS                ,BANNVIEW MEDICAL PRACTICE,PORTADOWN H & C CENTRE,TAVANAGH AVENUE,BT62 3BU,Southern,4905
479,Dr. BURNETT & PARTNERS              ,THE HEALTH CENTRE,TAVANAGH AVENUE,"PORTADOWN, CRAIGAVON",BT62 3BU,Southern,9360
482,Dr. MCCLOSKEY & PARTNERS            ,THE OLD SCHOOL HOUSE MEDICAL CENTRE,1 ANTRIM ROAD,"LURGAN, CRAIGAVON",BT67 9BW,Southern,5249
491,Dr. MARSHALL & PARTNERS             ,ABBEY COURT SURGERY,DOBBIN LANE,ARMAGH,BT61 7QG,Southern,8292
493,Dr. JOHNSTON & PARTNER              ,MID ULSTER HEALTH CARE,SOUTH TYRONE HOSPITAL,CARLAND ROAD,BT71 4AU,Southern,8721
494,Dr. BOYD & PARTNER                  ,THE VALLEY MEDICAL PRACTICE,20 COONEEN ROAD,FIVEMILETOWN,BT75 0ND,Southern,4297
495,Dr. CARSON & PARTNERS               ,CAMPBELL SURGERY,10 QUARRY LANE,DUNGANNON,BT70 1HX,Southern,11227
497,Dr. MCCOLLUM & PARTNERS             ,WILLOWBANK,KEADY,CO ARMAGH,BT60 3RL,Southern,9461
498,Dr. MCSHANE & PARTNERS              ,MCSHANE AND CAMPBELL PRACTICE,"MOY HEALTH CENTRE, CHARLEMONT STREET",MOY,BT71 7SL,Southern,3830
499,Dr. POTTER & PARTNERS               ,ERRIGAL MEDICAL CENTRE,OLD DUNGANNON ROAD,"BALLYGAWLEY,DUNGANNON",BT70 2EY,Southern,4476
500,Dr. HERRON & PARTNER                ,22 BARRACK STREET,COALISLAND,DUNGANNON,BT71 4LS,Southern,2464
501,Dr. MCCONVILLE & PARTNER            ,MOY MEDICAL PRACTICE,CHARLEMONT STREET,MOY,BT71 7SL,Southern,2758
502,Dr. CARLILE & PARTNERS              ,15 DARTAN REE,TYNAN,ARMAGH,BT60 4QT,Southern,6012
503,Dr. WEBSTER & PARTNERS              ,THE HEALTH CENTRE,NEWRY STREET,"MARKETHILL, ARMAGH",BT60 1TA,Southern,6449
504,Dr. CLEARY & PARTNER                ,MOY MEDICAL CENTRE,CHARLEMONT STREET,"MOY, DUNGANNON",BT71 7SL,Southern,3596
505,Dr. GARLAND & PARTNERS              ,PARKVIEW SURGERY,"SOUTH TYRONE HOSPITAL SITE, CARLAND ROAD,",DUNGANNON,BT71 4AU,Southern,9210
506,Dr. POTTER                          ,2 SYDNEY LANE,AUGHNACLOY,CO TYRONE,BT69 6AF,Southern,5107
507,Dr. WATTERS                         ,THE HEALTH CENTRE,24A TASSAGH ROAD,KEADY,BT60 3TU,Southern,2722
508,Dr. PICKERING                       ,TANDRAGEE MEDICAL CENTRE,3 MONTAGUE STREET,"TANDRAGEE, CRAIGAVON",BT62 2AN,Southern,3730
509,Dr. MCKAY & PARTNERS                ,57 THOMAS STREET,DUNGANNON,CO TYRONE,BT70 1HW,Southern,6667
512,Dr. O'DONNELL & PARTNER             ,THE MEDICAL CENTRE,15 BARRACK STREET,"COALISLAND, DUNGANNON",BT71 4LS,Southern,4440
514,Dr. GARVIN & PARTNERS               ,THE ARCHWAY SURGERY,DOBBIN LANE,ARMAGH,BT61 7QG,Southern,8534
515,Dr. QUINN & PARTNERS                ,THE HEALTH CENTRE,"6 GREENVIEW, MAYNOOTH ROAD","RICHHILL, ARMAGH",BT61 9PD,Southern,5486
516,Dr. O'HAGAN & PARTNERS              ,THE FRIARY SURGERY,DOBBIN LANE,ARMAGH,BT61 7QG,Southern,9057
519,Dr. MITCHEL & PARTNER               ,THE SURGERY,10A LINESIDE,"COALISLAND, DUNGANNON",BT71 4LP,Southern,4216
526,Dr. MULLIGAN & PARTNERS             ,CORNMARKET SURGERY,NEWRY HEALTH VILLAGE,"MONAGHAN STREET, NEWRY",BT35 6BW,Southern,4833
528,Dr. FEE                             ,THE HEALTH CENTRE,MCCORMICK PLACE,"CROSSMAGLEN, NEWRY",BT35 9HD,Southern,4761
529,Dr. FLOOD & PARTNERS                ,CORNMARKET SURGERY,NEWRY HEALTH VILLAGE,"MONAGHAN STREET, NEWRY",BT35 6BW,Southern,6695
530,Dr. MEGAW & PARTNER                 ,THE HEALTH CENTRE,JOHN STREET,"RATHFRILAND, NEWRY",BT34 5QH,Southern,3010
531,Dr. ALLEN & PARTNERS                ,14 KILKEEL ROAD,ANNALONG,NEWRY,BT34 4TH,Southern,4281
532,Dr. JADCZAK                         ,KILKEEL PRIMARY CARE CENTRE,GREENCASTLE STREET,"KILKEEL, NEWRY",BT34 4BH,Southern,3829
533,Dr. VETTIANKAL                      ,MEIGH SURGERY,5B DRUMINTEE ROAD,"KILLEAVY, NEWRY",BT35 8JT,Southern,2940
534,Dr. KING & PARTNERS                 ,CLANRYE SURGERY,NEWRY HEALTH VILLAGE,"MONAGHAN STREET, NEWRY",BT35 6BW,Southern,9290
535,Dr. WADE & PARTNERS                 ,THE HEALTH CENTRE,JOHN STREET,"RATHFRILAND, NEWRY",BT34 5QH,Southern,4409
536,Dr. BINGHAM & PARTNERS              ,SUMMER HILL SURGERY,50 GREAT GEORGES STREET,"WARRENPOINT, NEWRY",BT34 3HS,Southern,8527
537,Dr. MCVERRY & PARTNERS              ,MCVERRY/MCEVOY MEDICAL CENTRE,NEWRY HEALTH VILLAGE,"MONAGHAN STREET, NEWRY",BT35 6BW,Southern,9732
539,Dr. FORSHAW & PARTNERS              ,CLANRYE SURGERY,NEWRY HEALTH VILLAGE,"MONAGHAN STREET, NEWRY",BT35 6BW,Southern,4514
540,Dr. O'NEILL & PARTNERS              ,MEADOWLANDS SURGERY,MONAGHAN STREET,NEWRY,BT35 6BW,Southern,7088
542,Dr. LAMBE & PARTNERS                ,53 DUNDALK STREET,NEWTOWNHAMILTON,NEWRY,BT35 0PB,Southern,4025
543,Dr. MURPHY & PARTNERS               ,THE HEALTH CENTRE,SUMMERHILL,"WARRENPOINT, NEWRY",BT34 3JD,Southern,4887
544,Dr. MCKINLEY & PARTNERS             ,CORNMARKET SURGERY,NEWRY HEALTH VILLAGE,"MONAGHAN STREET, NEWRY",BT35 6BW,Southern,7349
545,Dr. MAGUIRE                         ,MAPHONER SURGERY,2A FORKHILL ROAD,"MULLAGHBAWN, NEWRY",BT35 9RA,Southern,5281
546,Dr. MCKERNAN & PARTNER              ,BESSBROOK SURGERY,7A CONVENT HILL,"BESSBROOK, NEWRY",BT35 7AW,Southern,2427
547,Dr. SHANNON & PARTNER               ,THE HEALTH CENTRE,JOHN STREET,"RATHFRILAND, NEWRY",BT34 5QH,Southern,3709
549,Dr. MULHOLLAND & PARTNERS           ,THE HEALTH CENTRE,2A MARKETHILL ROAD,"NEWTOWNHAMILTON, NEWRY",BT35 0BE,Southern,4536
551,Dr. ALLEN & PARTNER                 ,RATHKEELAND HOUSE,1 BLANEY ROAD,"CROSSMAGLEN, NEWRY",BT35 9JJ,Southern,4254
553,Dr. BONNER & PARTNER                ,MARINA SURGERY,15 HAVELOCK PLACE,"WARRENPOINT, NEWRY",BT34 3NE,Southern,2222
554,Dr. POOTS & PARTNERS                ,MOURNE FAMILY SURGERY,"MOURNE HOSPITAL, NEWRY STREET","KILKEEL,NEWRY",BT34 4DN,Southern,4368
555,Dr. MERCER & PARTNER                ,KILKEEL PRIMARY CARE CENTRE,GREENCASTLE STREET,"KILKEEL, NEWRY",BT34 4BH,Southern,1861
556,Dr. DILLON & PARTNERS               ,SHANLIEVE SURGERY,"KILKEEL PRIMARY CARE CENTRE, GREENCASTLE STREET","KILKEEL, NEWRY",BT34 4BH,Southern,3461
557,Dr. PATTERSON & PARTNERS            ,Arbor Family Practice,Brownlow Health Centre,"1 LEGAHORY CENTRE, LEGAHORY, CRAIGAVON",BT65 5BE,Southern,2987
562,Dr. MAGUIRE & PARTNERS              ,THE HEALTH CENTRE,ERNE ROAD,ENNISKILLEN,BT74 6NN,Western,4262
563,Dr. GUETTE                          ,"DEVENISH PRACTICE, THE HEALTH CENTRE",ERNE ROAD,ENNISKILLEN,BT74 6NN,Western,4040
564,Dr. MEADE & PARTNERS                ,LAKESIDE MEDICAL PRACTICE,ERNE ROAD,ENNISKILLEN,BT74 6NN,Western,7117
566,Dr. MCCAW & PARTNERS                ,IRVINESTOWN HEALTH CENTRE,CHURCH STREET,IRVINESTOWN,BT94 1EH,Western,7562
568,Dr. MALLON & PARTNER                ,THE HEALTH CENTRE,ERNE ROAD,ENNISKILLEN,BT74 6NN,Western,2956
571,Dr. CATHCART & PARTNERS             ,THE HEALTH CENTRE,ERNE ROAD,ENNISKILLEN,BT74 6NN,Western,7467
574,Dr. PORTEOUS & PARTNERS             ,MAPLE GROUP PRACTICE,DRUMHAW,"LISNASKEA, ENNISKILLEN",BT92 0FP,Western,14175
576,Dr. HERDMAN & PARTNERS              ,RATHMORE CLINIC,BELLEEK,ENNISKILLEN,BT93 3FY,Western,3847
584,Dr. CROMIE & PARTNERS               ,BROOKEBOROUGH & TEMPO PRIMARY CARE SERVICES,9 TANYARD LANE,"BROOKEBOROUGH, ENNISKILLEN",BT94 4JG,Western,7436
585,Dr. CUNNINGHAM & PARTNERS           ,CUILCAGH MEDICAL PRACTICE,DRUMLAGHY,"FLORENCECOURT, ENNISKILLEN",BT92 1BZ,Western,7974
596,Dr. COSGROVE & PARTNERS             ,"CITYVIEW MEDICAL, WATERSIDE HEALTH CENTRE",SPENCER ROAD,LONDONDERRY,BT47 6AH,Western,9917
597,Dr. OLLERENSHAW & PARTNERS          ,BOVALLY MEDICAL CENTRE,2 ROSSAIR ROAD,LIMAVADY,BT49 0TE,Western,6009
598,Dr. DURAND & PARTNERS               ,QUAYSIDE MEDICAL PRACTICE,80 - 84 STRAND ROAD,LONDONDERRY,BT48 7NN,Western,12003
599,Dr. O'DONNELL & PARTNERS            ,"PARK MEDICAL, THE HEALTH CENTRE",GREAT JAMES STREET,LONDONDERRY,BT48 7DH,Western,8394
600,Dr. GALLAGHER & PARTNERS            ,THE HEALTH CENTRE,IRWIN CRESCENT,"CLAUDY, LONDONDERRY",BT47 4AB,Western,5033
601,Dr. ROBINSON & PARTNERS             ,MOURNESIDE MEDICAL CENTRE,1A BALLYCOLMAN AVENUE,STRABANE,BT82 9AF,Western,10795
602,Dr. DOOHAN & PARTNERS               ,OAKLEAF MEDICAL PRACTICE,GREAT JAMES STREET,LONDONDERRY,BT48 7DH,Western,10767
603,Dr. KNOX & PARTNER                  ,THE HEALTH CENTRE,FEENY,LONDONDERRY,BT47 4TD,Western,6083
604,Dr. O'KELLY & PARTNERS              ,THE ABERFOYLE SURGERY,120 STRAND ROAD,LONDONDERRY,BT48 7NY,Western,11400
605,Dr. FULLERTON & PARTNER             ,256 BERRYHILL ROAD,DUNAMANAGH,STRABANE,BT82 0NB,Western,4139
606,Dr. BANKHEAD & PARTNERS             ,BRIDGE STREET MEDICAL CENTRE,BRIDGE STREET,LONDONDERRY,BT48 6LD,Western,4818
608,Dr. BLACK & PARTNERS                ,ABBEY MEDICAL PRACTICE,ABBEY STREET,LONDONDERRY,BT48 9DN,Western,6860
609,Dr. PRATT & PARTNERS                ,ROSSAIR FAMILY PRACTICE,2 ROSSAIR ROAD,LIMAVADY,BT49 0TE,Western,6473
610,Dr. O'FLAHERTY & PARTNERS           ,STRABANE HEALTH CENTRE,UPPER MAIN STREET,STRABANE,BT82 8AS,Western,7782
614,Dr. WARNOCK & PARTNERS              ,DUNGIVEN FAMILY PRACTICE,DUNGIVEN,LONDONDERRY,BT47 4RS,Western,3608
615,Dr. LALSINGH & PARTNERS             ,CLARENDON MEDICAL,35 NORTHLAND AVENUE,LONDONDERRY,BT48 7GW,Western,11066
616,Dr. O'HARE & PARTNERS               ,WESTERN RURAL HEALTHCARE,CASTLEDERG GROUP SURGERY,"13A LOWER STRABANE ROAD, CASTLEDERG",BT81 7AZ,Western,15503
618,Dr. DOHERTY & PARTNER               ,49 CLARENDON STREET,LONDONDERRY,,BT48 7ER,Western,2804
619,Dr. QUINN & PARTNERS                ,THE HEALTH CENTRE,SCROGGY ROAD,LIMAVADY,BT49 0NA,Western,5849
620,Dr. ETHERSON & PARTNERS             ,STRABANE HEALTH CENTRE,UPPER MAIN STREET,STRABANE,BT82 8AS,Western,6499
621,Dr. DEANE & PARTNER                 ,NORTHSIDE MEDICAL PRACTICE,"SHANTALLOW HEALTH CENTRE, RACECOURSE ROAD",LONDONDERRY,BT48 8NL,Western,3640
622,Dr. DEVLIN & PARTNERS               ,"RACECOURSE MEDICAL, SHANTALLOW HEALTH CENTRE",RACECOURSE ROAD,LONDONDERRY,BT48 8NL,Western,4755
623,Dr. ORR & PARTNERS                  ,FOYLESIDE FAMILY PRACTICE,BRIDGE STREET MEDICAL CENTRE,"BRIDGE STREET, LONDONDERRY",BT48 6LD,Western,5883
624,Dr. O'FLAHERTY & PARTNERS           ,"GLENDERMOTT MEDICAL, WATERSIDE HEALTH CENTRE",SPENCER ROAD,LONDONDERRY,BT47 6AH,Western,7900
625,Dr. MCEVOY & PARTNER                ,BAYVIEW MEDICAL PRACTICE,RATH MOR CENTRE,BLIGH'S LANE,BT48 0LZ,Western,3943
626,Dr. DOLAN & PARTNERS                ,"RIVERFRONT MEDICAL, WATERSIDE HEALTH CENTRE",SPENCER ROAD,LONDONDERRY,BT47 6AH,Western,8623
627,Dr. PATTERSON & PARTNERS            ,EGLINTON MEDICAL PRACTICE,29 MAIN STREET,"EGLINTON, LONDONDERRY",BT47 3AB,Western,7784
629,Dr. HENDERSON & PARTNERS            ,THE HEALTH CENTRE,SCROGGY ROAD,LIMAVADY,BT49 0NA,Western,6961
651,Dr. SWEENEY & PARTNERS              ,FINTONA GROUP PRACTICE,33 DROMORE ROAD,"FINTONA, OMAGH",BT78 2BB,Western,6826
652,Dr. RITCHIE & PARTNER               ,2H MAIN STREET,DRUMQUIN,CO TYRONE,BT78 4SB,Western,1947
654,Dr. QUINN & PARTNERS                ,GRANGE FAMILY PRACTICE,7 DONAGHANIE ROAD,OMAGH,BT79 0NR,Western,6715
655,Dr. SCULLY                          ,23 OMAGH ROAD,DRUMQUIN,OMAGH,BT78 4QY,Western,1513
657,Dr. O'NEILL & PARTNERS              ,THREE SPIRES SURGERY,7 DONAGHANIE ROAD,OMAGH,BT79 0NR,Western,10219
660,Dr. CORRY & PARTNERS                ,CARRICKMORE HEALTH CENTRE,TERMON ROAD,"CARRICKMORE, OMAGH",BT79 9JR,Western,9533
661,Dr. MORGAN                          ,DROMORE SURGERY,16 CAMDERRY ROAD,"DROMORE, OMAGH",BT78 3AU,Western,5925
662,Dr. GORMLEY & PARTNERS              ,DRUMRAGH FAMILY PRACTICE,7 DONAGHANIE ROAD,OMAGH,BT79 0NR,Western,10786
663,Dr. DEEHAN & PARTNER                ,STRULE MEDICAL PRACTICE,7 DONAGHANIE ROAD,OMAGH,BT79 0NR,Western,3236
664,Dr. MCAULEY                         ,41 MAIN STREET,PLUMBRIDGE,OMAGH,BT79 8DL,Western,3353
