PracticeName,Address1,Address2,Address3,Postcode,LCG,Registered_Patients
Dr. IRWIN & PARTNERS                ,HARLAND MEDICAL PRACTICE,WESTMINSTER AVENUE,BELFAST,BT4 1NS,Belfast,6797
Dr. MCCUTCHEON & PARTNERS           ,GREENWAY PRACTICE,2ND FLOOR THE ARCHES CENTRE,WESTMINSTER AVENUE NORTH,BT4 1NS,Belfast,7162
Dr. SHARKEY & PARTNERS              ,CARRYDUFF SURGERY,HILLSBOROUGH ROAD,CARRYDUFF BELFAST,BT8 8HR,Belfast,11262
Dr. WILSON & PARTNER                ,TEMPLEMORE MEDICAL CENTRE,225 ALBERTBRIDGE ROAD,BELFAST,BT5 4PX,Belfast,2423
Dr. COOGAN                          ,TEMPLEMORE MEDICAL CENTRE,225 ALBERTBRIDGE ROAD,BELFAST,BT5 4PX,Belfast,3205
Dr. COULTER & PARTNERS              ,KERRSLAND SURGERY,169 UPPER NEWTOWNARDS ROAD,BELFAST,BT4 3HZ,Belfast,8230
Dr. MCGARRITY & PARTNERS            ,54 HOLYWOOD ROAD,BELFAST,,BT4 1NT,Belfast,5646
Dr. ROSS & PARTNERS                 ,KNOCK MEDICAL CENTRE,423B UPPER NEWTOWNARDS ROAD,BELFAST,BT4 3LH,Belfast,6001
Dr. SCOTT & PARTNERS                ,HOLYWOOD ARCHES HEALTH CENTRE,WESTMINSTER AVENUE,BELFAST,BT4 1NS,Belfast,5525
Dr. KELLY & PARTNERS                ,BRIDGES FAMILY PRACTICE,2-6 BRYSON STREET,BELFAST,BT5 4ES,Belfast,6877
Dr. MITCHELL & PARTNERS             ,LINEN COURT SURGERY,336 BEERSBRIDGE ROAD,BELFAST,BT5 5DY,Belfast,3944
Dr. LUA & PARTNERS                  ,LEWIS SQUARE PRACTICE,THE ARCHES CENTRE,WESTMINSTER AVENUE NORTH,BT4 1NS,Belfast,4146
Dr. MCCLOSKEY & PARTNERS            ,THE MOUNT GROUP PRACTICE,50 CASTLEREAGH STREET,BELFAST,BT5 4NH,Belfast,4299
Dr. GALLAGHER & PARTNERS            ,THE VICTORIA PRACTICE,HOLYWOOD ARCHES HEALTH CENTRE,"WESTMINSTER AVENUE, BELFAST",BT4 1NS,Belfast,3368
Dr. SAVAGE & PARTNERS               ,CASTLEREAGH MEDICAL CENTRE,21 BALLYGOWAN ROAD,BELFAST,BT5 7LH,Belfast,4902
Dr. THOMPSON & PARTNERS             ,EASTSIDE SURGERY,56 TEMPLEMORE AVENUE,BELFAST,BT5 4FT,Belfast,2827
Dr. COOKE & PARTNERS                ,DUNDONALD MEDICAL CENTRE,16 CHURCH ROAD,"DUNDONALD, BELFAST",BT16 2LN,Belfast,7339
Dr. WILSON & PARTNERS               ,WILLOWFIELD SURGERY,50/52 CASTLEREAGH ROAD,BELFAST,BT5 5FP,Belfast,3919
Dr. RODGERS & PARTNERS              ,222 WOODSTOCK ROAD,BELFAST,,BT6 9DL,Belfast,4778
Dr. MONCRIEFF & PARTNERS            ,CHERRYVALLEY HEALTH CENTRE,KINGS SQUARE,BELFAST,BT5 7BP,Belfast,6543
Dr. ABERNETHY                       ,CHERRYVALLEY HEALTH CENTRE,KINGS SQUARE,BELFAST,BT5 7BP,Belfast,1972
Dr. SAVAGE & PARTNER                ,16 MCCANDLESS STREET,CRUMLIN ROAD,BELFAST,BT13 1RU,Belfast,2805
Dr. COLGAN                          ,463 FALLS ROAD,BELFAST,,BT12 6DD,Belfast,3099
Dr. O'KANE                          ,THE HEALTH CENTRE,94-100 CRUMLIN ROAD,BELFAST,BT14 6AR,Belfast,1198
Dr. CAMPBELL & PARTNER              ,"THE MAUREEN SHEEHAN CENTRE, BUILDING 2",106 ALBERT STREET,BELFAST,BT12 4HL,Belfast,5157
Dr. FARNAN & PARTNERS               ,THE GROUP SURGERY,257 NORTH QUEEN STREET,BELFAST,BT15 1HS,Belfast,5813
Dr. BURNS & PARTNERS                ,165 DUNCAIRN GARDENS,BELFAST,CO ANTRIM,BT15 2GE,Belfast,3287
Dr. CROSSIN & PARTNERS              ,THE CARRICK HILL MEDICAL CENTRE,1 CARRICK HILL,BELFAST,BT1 2JR,Belfast,9505
Dr. GARDINER & PARTNER              ,GARDINER FAMILY PRACTICE,CRUMLIN ROAD HEALTH CENTRE,"100 CRUMLIN ROAD, BELFAST",BT14 6AR,Belfast,1315
Dr. O'DONNELL & PARTNER             ,WILLOW MEDICAL PRACTICE,155 ANDERSONSTOWN ROAD,BELFAST,BT11 9EA,Belfast,3046
Dr. DONAGHY & PARTNERS              ,DUNVILLE HEALTH CENTRE,309 GROSVENOR ROAD,BELFAST,BT12 4LP,Belfast,4274
Dr. DURKAN & PARTNERS               ,"GROVE WELLBEING CENTRE, PARKSIDE SURGERY",120 YORK ROAD,BELFAST,BT15 3HF,Belfast,7095
Dr. CARDWELL & PARTNERS             ,136-138 SHANKILL ROAD,BELFAST,,BT13 2BD,Belfast,2562
Dr. TAN & PARTNER                   ,FLAX CENTRE,ARDOYNE AVENUE,BELFAST,BT14 7DA,Belfast,3028
Dr. CHAMBERS & PARTNERS             ,BALLYSILLAN GROUP PRACTICE,156-158 BALLYSILLAN ROAD,BELFAST,BT14 7QR,Belfast,5573
Dr. LEAVY & PARTNERS                ,463 SPRINGFIELD ROAD,BELFAST,,BT12 7DP,Belfast,6468
Dr. AGAHI & PARTNERS                ,MOUNTAINVIEW SURGERY,585 CRUMLIN ROAD,BELFAST,BT14 7GB,Belfast,1901
Dr. CLULOW & PARTNER                ,CRUMLIN ROAD FAMILY PRACTICE,CRUMLIN ROAD HEALTH CENTRE,"94-100 CRUMLIN ROAD, BELFAST",BT14 6AR,Belfast,2180
Dr. BEATTIE & PARTNER               ,DR SIMPSON & DR BEATTIE,NORTHGATE FAMILY PRACTICE,"36 DUNCAIRN GARDENS, BELFAST",BT15 2GH,Belfast,2731
Dr. MCCLOSKEY & PARTNERS            ,GROSVENOR ROAD SURGERY,216 GROSVENOR ROAD,BELFAST,BT12 5LT,Belfast,9962
Dr. O'NEILL & PARTNERS              ,70 SPRINGFIELD ROAD,BELFAST,CO ANTRIM,BT12 7AH,Belfast,9150
Dr. CONWAY & PARTNERS               ,460 OLDPARK ROAD,BELFAST,,BT14 6QG,Belfast,4790
Dr. MCHUGH & PARTNERS               ,46 SPRINGFIELD ROAD,BELFAST,,BT12 7AH,Belfast,7378
Dr. PATTON & PARTNERS               ,"GROVE WELLBEING CENTRE, GROVE MEDICAL PRACTICE",120 YORK ROAD,BELFAST,BT15 3HF,Belfast,5847
Dr. SALTERS & PARTNERS              ,186 FALLS ROAD,BELFAST,,BT12 6AG,Belfast,3673
Dr. MACSORLEY & PARTNER             ,515 ANTRIM ROAD,BELFAST,,BT15 3BS,Belfast,5235
Dr. LOUGHREY & PARTNERS             ,SALISBURY MEDICAL CENTRE,474 ANTRIM ROAD,BELFAST,BT15 5GF,Belfast,10894
Dr. MCFERRAN & PARTNERS             ,BALLYOWEN HEALTH CENTRE,179 ANDERSONSTOWN ROAD,BELFAST,BT11 9EA,Belfast,5110
Dr. CLARKE & PARTNERS               ,61 CLIFTONVILLE ROAD,BELFAST,,BT14 6JN,Belfast,5605
Dr. CUMMINGS & PARTNER              ,115 FALLS ROAD,BELFAST,,BT12 6AA,Belfast,7207
Dr. MAGENIS & PARTNERS              ,MALVERN FAMILY PRACTICE,69 SHANKILL ROAD,BELFAST,BT13 1FD,Belfast,5303
Dr. GILMORE & PARTNERS              ,THE LIGONIEL HEALTH CENTRE,74A LIGONIEL ROAD,BELFAST,BT14 8BY,Belfast,3902
Dr. KELLY & PARTNERS                ,132-136 SANDY ROW,BELFAST,CO ANTRIM,BT12 5EY,Belfast,4473
Dr. MAGUIRE & PARTNERS              ,15/17 CLIFTON STREET,BELFAST,,BT13 1AD,Belfast,9001
Dr. WRIGHT & PARTNERS               ,17 BALLYGOMARTIN ROAD,BELFAST,,BT13 3BW,Belfast,8009
Dr. DOGGART & PARTNERS              ,CHURCH VIEW MEDICAL PRACTICE,69 SHANKILL ROAD,BELFAST,BT13 1FD,Belfast,5090
Dr. MCKENNA                         ,2 THAMES STREET,BELFAST,CO ANTRIM,BT12 6AP,Belfast,2887
Dr. DUGAN                           ,173 ANDERSONSTOWN ROAD,BELFAST,,BT11 9EA,Belfast,4445
Dr. BONNAR & PARTNERS               ,33 STEWARTSTOWN ROAD,BELFAST,,BT11 9FZ,Belfast,7075
Dr. DORAN & PARTNERS                ,CROCUS STREET SURGERY,1 CROCUS STREET,BELFAST,BT12 7AP,Belfast,4464
Dr. MCGLADE & PARTNERS              ,DUNLUCE FAMILY PRACTICE,1 DUNLUCE AVENUE,BELFAST,BT9 7HR,Belfast,6386
Dr. HAIGNEY & PARTNERS              ,MOUNT ORIEL MEDICAL PRACTICE,KNOCKBREDA WTC,"110 SAINTFIELD ROAD, BELFAST",BT8 6GR,Belfast,7320
Dr. CONNOLLY & PARTNERS             ,THE HEALTH CENTRE,1 DUNLUCE AVENUE,BELFAST,BT9 7HR,Belfast,8998
Dr. SHERWOOD & PARTNERS             ,THE ROWAN TREE FAMILY PRACTICE,1 DUNLUCE AVENUE,BELFAST,BT9 7HR,Belfast,5552
Dr. CHU                             ,RAVENBANK SURGERY,113 RAVENHILL ROAD,BELFAST,BT6 8DR,Belfast,1560
Dr. KILLINER & PARTNERS             ,15A DONEGALL ROAD,BELFAST,,BT12 5JJ,Belfast,8437
Dr. HUGHES                          ,BALMORAL SURGERY,436 LISBURN ROAD,BELFAST,BT9 6GR,Belfast,4111
Dr. CHEYNE & PARTNERS               ,281 ORMEAU ROAD,BELFAST,,BT7 3GG,Belfast,7588
Dr. TONER & PARTNERS                ,SOUTH EAST FAMILY PRACTICE,370/372 CREGAGH ROAD,BELFAST,BT6 9EY,Belfast,9052
Dr. MCAULEY & PARTNERS              ,THE HEALTH CENTRE,13/25 FINAGHY ROAD SOUTH,BELFAST,BT10 0BX,Belfast,13251
Dr. O'HARE & PARTNERS               ,ORMEAU ROAD HEALTH CENTRE,120 ORMEAU ROAD,BELFAST,BT7 2EB,Belfast,9518
Dr. MCCAULEY & PARTNERS             ,142 - 144 UNIVERSITY STREET,BELFAST,,BT7 1HH,Belfast,5141
Dr. CHAKRAVARTY & PARTNERS          ,BALLYOWEN HEALTH CENTRE,179 ANDERSONSTOWN ROAD,BELFAST,BT11 9EA,Belfast,9556
Dr. FAIR & PARTNERS                 ,UNIVERSITY HEALTH CENTRE AT QUEENS,ELMWOOD MANSE,"7 UNIVERSITY TERRACE, BELFAST",BT7 1NP,Belfast,10808
Dr. BELL & PARTNERS                 ,485 ORMEAU ROAD,BELFAST,,BT7 3GR,Belfast,5910
Dr. MURDOCK & PARTNER               ,CREGAGH SURGERY,36 MONTGOMERY ROAD,BELFAST,BT6 9HL,Belfast,3550
Dr. KEANE & PARTNERS                ,6 NORTH PARADE,BELFAST,,BT7 2GG,Belfast,8722
Dr. CULLEN & PARTNER                ,BOTANIC MEDICAL CENTRE,51 BOTANIC AVENUE,BELFAST,BT7 1JL,Belfast,3098
Dr. FERGUSON & PARTNERS             ,THE MONTALTO MEDICAL CENTRE,2 DROMORE ROAD,BALLYNAHINCH,BT24 8AY,South Eastern,9818
Dr. MCGILL & PARTNERS               ,KILLYLEAGH SURGERY,14 DOWNPATRICK ROAD,"KILLYLEAGH, DOWNPATRICK",BT30 9RG,South Eastern,4936
Dr. GREER & PARTNERS                ,CLOUGH SURGERY,1 CASTLEWELLAN ROAD,CLOUGH,BT30 8RD,South Eastern,10191
Dr. HYLAND & PARTNER                ,THE SURGERY,CAUSEWAY PLACE,NEWCASTLE,BT33 0DN,South Eastern,2062
Dr. GILPIN                          ,THE SURGERY,CAUSEWAY PLACE,NEWCASTLE,BT33 0DN,South Eastern,1758
Dr. MURPHY & PARTNER                ,THE HEALTH CENTRE,DOWNPATRICK ROAD,ARDGLASS,BT30 7SF,South Eastern,3269
Dr. ROSS & PARTNERS                 ,THE HEALTH CENTRE,FAIRVIEW,"SAINTFIELD, BALLYNAHINCH",BT24 7AD,South Eastern,9119
Dr. LEGGETT & PARTNERS              ,DONARD FAMILY PRACTICE,56 MAIN STREET,"NEWCASTLE, CO DOWN",BT33 0AE,South Eastern,11873
Dr. SMALL & PARTNER                 ,GP & PRIMARY CARE CENTRE,"FIRST FLOOR, DOWN HOSPITAL","STRUELL WELLS ROAD, DOWNPATRICK",BT30 6RL,South Eastern,3942
Dr. BOYLE & PARTNERS                ,THE SURGERY,12 THE GREEN,"IRISH STREET, DOWNPATRICK",BT30 6BE,South Eastern,4926
Dr. TRAINOR & PARTNERS              ,THE SURGERY,JAMES STREET,"CROSSGAR, DOWNPATRICK",BT30 9JU,South Eastern,4682
Dr. SHEVLIN & PARTNERS              ,GP & PRIMARY CARE CENTRE,"FIRST FLOOR, DOWN HOSPITAL","STRUELL WELLS ROAD, DOWNPATRICK",BT30 6RL,South Eastern,4971
Dr. CREANEY & PARTNER               ,STREAM STREET SURGERY,40 STREAM STREET,DOWNPATRICK,BT30 6DE,South Eastern,5019
Dr. FLEMING & PARTNERS              ,HEALTH CENTRE,BALLYNAHINCH ST,HILLSBOROUGH,BT26 6AW,South Eastern,10152
Dr. MULHOLLAND & PARTNERS           ,WOODBROOK MEDICAL PRACTICE,STEWARTSTOWN ROAD,DUNMURRY BELFAST,BT17 0FB,South Eastern,9170
Dr. CARSON & PARTNERS               ,THE HEALTH CENTRE,LINENHALL STREET,LISBURN,BT28 1LU,South Eastern,3956
Dr. CAIRNS & PARTNERS               ,THE HEALTH CENTRE,LINENHALL STREET,LISBURN,BT28 1LU,South Eastern,7241
Dr. SMITH & PARTNERS                ,THE SURGERY,BEGNEY HILL ROAD,DROMARA,BT25 2AT,South Eastern,8380
Dr. CURRY & PARTNERS                ,THE HEALTH CENTRE,LINENHALL STREET,LISBURN,BT28 1LU,South Eastern,12315
Dr. FORDE & PARTNERS                ,LAGANVIEW MEDICAL PRACTICE,"LISBURN HEALTH CENTRE, LINENHALL STREET",LISBURN,BT28 1LU,South Eastern,4393
Dr. RUDDELL & PARTNERS              ,THE HEALTH CENTRE,LINENHALL STREET,LISBURN,BT28 1LU,South Eastern,8911
Dr. RYAN & PARTNERS                 ,THE HEALTH CENTRE,LINENHALL STREET,LISBURN,BT28 1LU,South Eastern,5120
Dr. PALMER & PARTNERS               ,THE HEALTH CENTRE,LINENHALL STREET,LISBURN,BT28 1LU,South Eastern,9700
Dr. DICK & PARTNERS                 ,192 KINGSWAY,DUNMURRY,BELFAST,BT17 9AL,South Eastern,7953
Dr. GALLAGHER & PARTNER             ,GLENAVY FAMILY PRACTICE,47 MAIN STREET,"GLENAVY, CRUMLIN",BT29 4LN,South Eastern,4418
Dr. PATTERSON                       ,THE HEALTH CENTRE,LINENHALL STREET,LISBURN,BT28 1LU,South Eastern,1876
Dr. LAWSON & PARTNERS               ,PRIORY SURGERY,26 HIGH STREET,HOLYWOOD,BT18 9AD,South Eastern,14875
Dr. REID & PARTNERS                 ,THE HEALTH CENTRE,NEWTOWNARDS ROAD,BANGOR,BT20 4LD,South Eastern,7716
Dr. MARSHALL & PARTNER              ,24 LISBARNETT ROAD,LISBANE,NEWTOWNARDS,BT23 6AW,South Eastern,4219
Dr. KENNY & PARTNERS                ,THE HEALTH CENTRE,NEWTOWNARDS ROAD,BANGOR,BT20 4LD,South Eastern,5460
Dr. CRAIG & PARTNER                 ,140 GROOMSPORT ROAD,BANGOR,CO DOWN,BT20 5PE,South Eastern,5826
Dr. MCCREERY & PARTNERS             ,THE SURGERY,BROOK STREET,HOLYWOOD,BT18 9DA,South Eastern,8249
Dr. MANSON & PARTNERS               ,CASTLE PARK PRACTICE,BANGOR HEALTH CENTRE,NEWTOWNARDS ROAD,BT20 4LD,South Eastern,4934
Dr. DOYLE & PARTNERS                ,CUAN FAMILY PRACTICE,44 HIGH STREET,"PORTAFERRY, NEWTOWNARDS",BT22 1QT,South Eastern,3886
Dr. DORAN & PARTNERS                ,CHURCH VIEW FAMILY PRACTICE,THE HEALTH CENTRE,NEWTOWNARDS ROAD,BT20 4LD,South Eastern,7355
Dr. NEOH & PARTNERS                 ,KILLYNETHER PRACTICE,2A FREDERICK STREET,NEWTOWNARDS,BT23 4LR,South Eastern,6066
Dr. KINNEAR & PARTNER               ,SILVERBIRCH MEDICAL PRACTICE,39A SILVERBIRCH ROAD,BANGOR,BT19 6EU,South Eastern,2690
Dr. HYLAND & PARTNERS               ,THE SURGERY,1 CHURCH STREET,NEWTOWNARDS,BT23 4FH,South Eastern,4124
Dr. GREER & PARTNERS                ,OLD MILL SURGERY,CHURCH STREET,NEWTOWNARDS,BT23 4AS,South Eastern,10882
Dr. MCKEOWN & PARTNERS              ,16 A THE SQUARE,COMBER,NEWTOWNARDS,BT23 5DT,South Eastern,6731
Dr. WHITESIDE & PARTNERS            ,THE HEALTH CENTRE,5 NEWTOWNARDS ROAD,"COMBER, NEWTOWNARDS",BT23 5BA,South Eastern,7434
Dr. MCNUTT & PARTNERS               ,BLOOMFIELD SURGERY,95 BLOOMFIELD ROAD,BANGOR,BT20 4XA,South Eastern,10402
Dr. WEBB & PARTNERS                 ,REGENCY MEDICAL CENTRE,2A FREDERICK STREET,NEWTOWNARDS,BT23 4LR,South Eastern,4891
Dr. HISCOCKS & PARTNERS             ,DONAGHADEE HEALTH CENTRE,3 KILLAUGHEY ROAD,DONAGHADEE,BT21 0BU,South Eastern,9306
Dr. MCCANCE & PARTNERS              ,THE SURGERY,1 CHURCH STREET,NEWTOWNARDS,BT23 4FH,South Eastern,4404
Dr. COULTER & PARTNER               ,WINDMILL SURGERY,44 HIGH STREET,"PORTAFERRY, NEWTOWNARDS",BT22 1QT,South Eastern,2443
Dr. JACKSON & PARTNERS              ,ABBEY FAMILY PRACTICE,BANGOR HEALTH CENTRE,NEWTOWNARDS ROAD,BT20 4LD,South Eastern,5283
Dr. ABRAHAM & PARTNERS              ,CLELAND PARK SURGERY,2 CLELAND PARK,BANGOR,BT20 3EB,South Eastern,6012
Dr. HUGHES & PARTNERS               ,THE HEALTH CENTRE,FOWLER WAY,"BALLYWALTER, NEWTOWNARDS",BT22 2PY,South Eastern,5757
Dr. BAILIE & PARTNERS               ,LOUGH VIEW SURGERY,2 MAIN STREET,"KIRCUBBIN, NEWTOWNARDS",BT22 2SP,South Eastern,5755
Dr. ARMSTRONG & PARTNER             ,THE SURGERY,1 CHURCH STREET,NEWTOWNARDS,BT23 4FH,South Eastern,3072
Dr. JACKSON & PARTNER               ,GREEN ROAD MEDICAL CENTRE,5 GREEN ROAD,"CONLIG, NEWTOWNARDS",BT23 7PZ,South Eastern,4160
Dr. HUEY & PARTNERS                 ,THE SURGERY,80 CASTLETON,"TEMPLEPATRICK, BALLYCLARE",BT39 0AZ,Northern,9463
Dr. HYNDMAN & PARTNERS              ,1 GLENAVY ROAD,CRUMLIN,CO ANTRIM,BT29 4LA,Northern,8030
Dr. BUTLER & PARTNERS               ,MAINE MEDICAL PRACTICE,THE OLD MEETING HOUSE,2 STRAID RD,BT42 2PB,Northern,5114
Dr. DICK & PARTNERS                 ,BERNAGHMORE MEDICAL PRACTICE,BALLYMENA HEALTH & CARE CENTRE,"86 CUSHENDALL ROAD, BALLYMENA",BT43 6HB,Northern,3709
Dr. FIELD & PARTNERS                ,ANTRIM CASTLE SURGERY,32A STATION ROAD,ANTRIM,BT41 4BS,Northern,7948
Dr. HUNTER & PARTNERS               ,ORIEL SURGERY,31 ORIEL ROAD,ANTRIM,BT41 4HR,Northern,6039
Dr. MCKELVEY & PARTNERS             ,CULLYBACKEY HEALTH CENTRE,TOBER PARK,"CULLYBACKEY, BALLYMENA",BT42 1NW,Northern,7498
Dr. MAGOWAN & PARTNER               ,THE SURGERY,77 GALGORM ROAD,BALLYMENA,BT42 1AA,Northern,2488
Dr. HALL & PARTNER                  ,Slemish View Medical Practice,Ballymena Health & Care Centre,"86 Cushendall Road, Ballymena",BT43 6HB,Northern,2561
Dr. RUSSELL & PARTNERS              ,THE GABLES,45 WAVENEY ROAD,BALLYMENA,BT43 5BA,Northern,3987
Dr. DUNDEE & PARTNERS               ,WAVENEY MEDICAL PRACTICE,BALLYMENA HEALTH & CARE CENTRE,"86 CUSHENDALL ROAD, BALLYMENA",BT43 6HB,Northern,4648
Dr. WRIGHT                          ,BALLYMENA FAMILY PRACTICE,BALLYMENA HEALTH & CARE CENTRE,"86 CUSHENDALL ROAD, BALLYMENA",BT43 6HB,Northern,3295
Dr. REDMOND & PARTNERS              ,THE HEALTH CENTRE,76 MAIN STREET,BROUGHSHANE BALLYMENA,BT42 4JA,Northern,6856
Dr. MCCUSKER & PARTNERS             ,PORTGLENONE HEALTH CENTRE,17 TOWNHILL ROAD,"PORTGLENONE, BALLYMENA",BT44 8AD,Northern,6711
Dr. MCQUILLAN & PARTNERS            ,SEVEN TOWERS PRACTICE,BALLYMENA HEALTH & CARE CENTRE,"86 CUSHENDALL ROAD, BALLYMENA",BT43 6HB,Northern,4425
Dr. BROWN & PARTNER                 ,SMITHFIELD MEDICAL CENTRE,7 SMITHFIELD PLACE,"GALGORM ROAD, BALLYMENA",BT43 5HB,Northern,2733
Dr. BILL & PARTNERS                 ,KELLS & CONNOR MEDICAL CENTRE,36 CHURCH ROAD,"KELLS, BALLYMENA",BT42 3JU,Northern,3802
Dr. MCCUSKER & PARTNERS             ,THE FAMILY PRACTICE,THE HEALTH CENTRE,"STATION ROAD, ANTRIM",BT41 4BS,Northern,5871
Dr. KIDD & PARTNERS                 ,THE HEALTH CENTRE,STATION ROAD,ANTRIM,BT41 4BS,Northern,3602
Dr. JOHNSTON & PARTNERS             ,MAINE MEDICAL PRACTICE,"OLD MILL PARK, MAIN STREET","CULLYBACKEY, BALLYMENA",BT42 1GP,Northern,5045
Dr. MCKENNA & PARTNERS              ,THE HEALTH CENTRE,STATION ROAD,ANTRIM,BT41 4BS,Northern,4816
Dr. KHANNA & PARTNERS               ,BRAID FAMILY PRACTICE,BALLYMENA HEALTH & CARE CENTRE,"86 CUSHENDALL ROAD, BALLYMENA",BT43 6HB,Northern,4315
Dr. JOHNSTON & PARTNER              ,THE SURGERY,"TOOME HOUSE, 55 MAIN STREET","TOOMEBRIDGE, ANTRIM",BT41 3TF,Northern,3736
Dr. MCILROY & PARTNERS              ,THE HEALTH CENTRE,5 NEILLSBROOK ROAD,"RANDALSTOWN, ANTRIM",BT41 3AE,Northern,10391
Dr. MCCLEERY & PARTNERS             ,2 MALLUSK ROAD,NEWTOWNABBEY,,BT36 4PP,Northern,8961
Dr. DAVISON & PARTNERS              ,GLENGORMLEY PRACTICE,324 ANTRIM ROAD,NEWTOWNABBEY,BT36 5EQ,Northern,8739
Dr. MAXWELL & PARTNERS              ,THE HEALTH CENTRE,CASTLEROCK ROAD,COLERAINE,BT51 3HP,Northern,4897
Dr. TRACEY & PARTNERS               ,KILLOWEN MEDICAL CENTRE,CASTLEROCK ROAD,COLERAINE,BT51 3HP,Northern,5839
Dr. JOHNSTON & PARTNERS             ,BALLYMONEY FAMILY PRACTICE,BALLYMONEY HEALTH CENTRE,"21B NEWAL ROAD, BALLYMONEY",BT53 6HB,Northern,12660
Dr. WALLACE & PARTNERS              ,LODGE HEALTH,20 LODGE MANOR,COLERAINE,BT52 1JX,Northern,10225
Dr. STERNE & PARTNERS               ,THE COUNTRY MEDICAL PRACTICE,122 BALLINLEA ROAD,"ARMOY, BALLYMONEY",BT53 8TY,Northern,6187
Dr. CROOKS & PARTNERS               ,6 PRIESTLAND ROAD,BUSHMILLS,,BT57 8QP,Northern,3017
Dr. BAILIE & PARTNERS               ,PORTRUSH MEDICAL CENTRE,17 DUNLUCE AVENUE,PORTRUSH,BT56 8DW,Northern,7425
Dr. ORR & PARTNERS                  ,GARVAGH HEALTH CENTRE,110 MAIN STREET,"GARVAGH, COLERAINE",BT51 5AE,Northern,5924
Dr. HARLEY & PARTNERS               ,THE FAMILY PRACTICE,6 LEVER ROAD,PORTSTEWART,BT55 7EF,Northern,3319
Dr. MCCORMACK & PARTNERS            ,THE HEALTH CENTRE,36 GARVAGH ROAD,"KILREA, COLERAINE",BT51 5QP,Northern,6752
Dr. BONNAR & PARTNERS               ,4 MOUNTSANDEL ROAD,COLERAINE,CO LONDONDERRY,BT52 1JB,Northern,11332
Dr. MCSPARRAN & PARTNERS            ,GLENS OF ANTRIM MEDICAL CENTRE,2 GORTACLEE ROAD,"CUSHENDALL, BALLYMENA",BT44 0TE,Northern,6451
Dr. WHITE                           ,LIFFOCK,69 SEA ROAD,"CASTLEROCK, COLERAINE",BT51 4TW,Northern,2738
Dr. HENDERSON & PARTNERS            ,THE HEALTH CENTRE,10 MONEYLECK ROAD,"RASHARKIN, BALLYMENA",BT44 8QB,Northern,4489
Dr. FANNIN & PARTNERS               ,THE HEALTH CENTRE,ROBINSON MEMORIAL HOSPITAL,BALLYMONEY,BT53 6HH,Northern,5404
Dr. MCLISTER & PARTNERS             ,DALRIADA FAMILY PRACTICE,1A COLERAINE ROAD,BALLYCASTLE,BT54 6BA,Northern,4134
Dr. MCCURDY & PARTNERS              ,THE FROCESS MEDICAL CENTRE,56 MAIN STREET,"CLOUGHMILLS, BALLYMENA",BT44 9LF,Northern,4795
Dr. HEGARTY & PARTNERS              ,BALLYCASTLE MEDICAL PRACTICE,1A COLERAINE ROAD,BALLYCASTLE,BT54 6BA,Northern,4812
Dr. TOPPING & PARTNERS              ,PORTSTEWART MEDICAL CENTRE,MILL ROAD,PORTSTEWART,BT55 7SW,Northern,4156
Dr. STONE & PARTNERS                ,MEADOWBRIDGE SURGERY,SLAUGHTERFORD ROAD,"WHITEHEAD, CARRICKFERGUS",BT38 9TG,Northern,9112
Dr. KERNOHAN & PARTNERS             ,OLD SCHOOL SURGERY,54 STATION ROAD,"GREENISLAND, CARRICKFERGUS",BT38 8TP,Northern,10656
Dr. BUCKLEY & PARTNERS              ,THE HEALTH CENTRE,TAYLORS AVENUE,CARRICKFERGUS,BT38 7HT,Northern,7278
Dr. SHEPHERD & PARTNERS             ,INVER SURGERY,MOYLE MEDICAL CENTRE,"OLD GLENARM ROAD, LARNE",BT40 1XH,Northern,5189
Dr. MCILROY & PARTNERS              ,CORRAN SURGERY,MOYLE MEDICAL CENTRE,"OLD GLENARM ROAD, LARNE",BT40 1XH,Northern,7962
Dr. MCALLISTER & PARTNERS           ,THE HEALTH CENTRE,TAYLORS AVENUE,CARRICKFERGUS,BT38 7HT,Northern,14825
Dr. FERGUSON & PARTNERS             ,VICTORIA SURGERY,MOYLE MEDICAL CENTRE,"OLD GLENARM ROAD, LARNE",BT40 1XH,Northern,5778
Dr. BLACK & PARTNER                 ,THE HEALTH CENTRE,GLOUCESTER AVENUE,LARNE,BT40 1PB,Northern,2971
Dr. CALDWELL & PARTNERS             ,LARNE FAMILY PRACTICE,LARNE HEALTH CENTRE,GLOUCESTER AVENUE,BT40 1PB,Northern,4848
Dr. WILSON & PARTNER                ,ROCKFIELD MEDICAL CENTRE,BALLYMENA,,BT43 6JD,Northern,4068
Dr. VERCOE-ROGERS & PARTNER         ,OLD BANK SURGERY,97 MILL STREET,BALLYMENA,BT43 5AF,Northern,3712
Dr. WRAY & PARTNERS                 ,MID ULSTER HEALTH CARE,THE HEALTH CENTRE,52 ORRITOR ROAD,BT80 8BN,Northern,6565
Dr. WHITE & PARTNERS                ,DRAPERSTOWN SURGERY,6 TOBERMORE ROAD,"DRAPERSTOWN, MAGHERAFELT",BT45 7AG,Northern,8532
Dr. DALZELL & PARTNERS              ,67 URBAL ROAD,COAGH,COOKSTOWN,BT80 0DP,Northern,5300
Dr. FLANIGAN & PARTNERS             ,LOY MEDICAL CENTRE,8 LOY STREET,COOKSTOWN,BT80 8PE,Northern,5810
Dr. WALLS & PARTNERS                ,29 GARDEN STREET,MAGHERAFELT,CO LONDONDERRY,BT45 5DD,Northern,9424
Dr. BROWN & PARTNERS                ,OAKS FAMILY PRACTICE CENTRE,48 ORRITOR ROAD,COOKSTOWN,BT80 8BH,Northern,7868
Dr. MCCOY & PARTNERS                ,THE HEALTH CENTRE,50 HILLHEAD,"STEWARTSTOWN, DUNGANNON",BT71 5HY,Northern,5785
Dr. SHAW & PARTNERS                 ,MAGHERA MEDICAL CENTRE,25 CHURCH STREET,MAGHERA,BT46 5EA,Northern,8506
Dr. O'KANE & PARTNERS               ,THE DIAMOND MEDICAL CENTRE,MARKET SQUARE,MAGHERAFELT,BT45 6ED,Northern,9176
Dr. GRAHAM                          ,LOY BUILDINGS,18 LOY STREET,COOKSTOWN,BT80 8PE,Northern,2547
Dr. HINDS & PARTNERS                ,THE SURGERY,STATION ROAD,"CASTLEDAWSON, MAGHERAFELT",BT45 8AZ,Northern,7165
Dr. HUNTER                          ,FAIRHILL SURGERY,1 FAIRHILL ROAD,MAGHERAFELT CO LONDONDERRY,BT45 6BL,Northern,1754
Dr. KURIACOSE & PARTNERS            ,MONEYMORE MEDICAL PRACTICE,3 FAIRHILL,MONEYMORE,BT45 7LJ,Northern,5934
Dr. MEENAN & PARTNERS               ,WHITEHOUSE MEDICAL GROUP PRACTICE,"UNIT 29A, FIRST FLOOR, ABBEYCENTRE","LONGWOOD ROAD, NEWTOWNABBEY",BT37 9UH,Northern,9458
Dr. SWINERTON & PARTNERS            ,THE HEALTH CENTRE,GEORGE AVENUE,BALLYCLARE,BT39 9HL,Northern,15270
Dr. HENDRON & PARTNERS              ,ABBOTS CROSS MEDICAL PRACTICE,92 DOAGH ROAD,NEWTOWNABBEY,BT37 9QW,Northern,8189
Dr. BEIRNE & PARTNERS               ,TRAMWAYS MEDICAL CENTRE,FARMLEY ROAD,NEWTOWNABBEY,BT36 7XX,Northern,10509
Dr. DORAN & PARTNERS                ,NOTTING HILL MEDICAL PRACTICE,DOAGH ROAD,NEWTOWNABBEY,BT37 9QN,Northern,10344
Dr. CLARKE & PARTNERS               ,BROWNLOW HEALTH CENTRE,1 LEGAHORY CENTRE,"LEGAHORY, CRAIGAVON",BT65 5BE,Southern,6320
Dr. MCCLOSKEY & PARTNERS            ,BANBRIDGE GROUP SURGERY,1 OLD HOSPITAL ROAD,BANBRIDGE,BT32 3GN,Southern,4292
Dr. HUEY & PARTNERS                 ,THE SURGERY,11 MAIN STREET,"LOUGHBRICKLAND, BANBRIDGE",BT32 3NQ,Southern,8841
Dr. MAGOWAN & PARTNERS              ,THE HEALTH CENTRE,CASTLEVIEW,"GILFORD, CRAIGAVON",BT63 6JS,Southern,5801
Dr. MCDONALD & PARTNERS             ,WYNNE HILL SURGERY,51 HILL STREET,"LURGAN, CRAIGAVON",BT66 6BW,Southern,11614
Dr. TROUGHTON & PARTNERS            ,WATERSIDE MEDICAL PRACTICE,PORTADOWN HEALTH&CARE CENTRE,TAVANAGH AVENUE,BT62 3BU,Southern,4945
Dr. LENNON & PARTNERS               ,60A MAIN STREET,DONAGHCLONEY,CRAIGAVON,BT66 7LR,Southern,4305
Dr. CLARKE & PARTNER                ,MEADOWS FAMILY PRACTICE,THE HEALTH CENTRE,TAVANAGH AVENUE,BT62 3BU,Southern,4051
Dr. EAKIN & PARTNERS                ,60 HIGH STREET,LURGAN,CRAIGAVON,BT66 8BA,Southern,9796
Dr. PATTERSON & PARTNERS            ,THE SURGERY,7 MOORES LANE,"LURGAN, CRAIGAVON",BT66 8DW,Southern,4923
Dr. O'CONNOR & PARTNERS             ,THE HEALTH CENTRE,TAVANAGH AVENUE,"PORTADOWN, CRAIGAVON",BT62 3BU,Southern,5023
Dr. ARMSTRONG & PARTNERS            ,28 CHURCH WALK,LURGAN,CRAIGAVON,BT67 9AA,Southern,8529
Dr. MCAULEY & PARTNERS              ,87/89 WILLIAM STREET,LURGAN,CRAIGAVON,BT66 6JB,Southern,5600
Dr. MCCANDLESS & PARTNERS           ,BANBRIDGE GROUP SURGERY,1 OLD HOSPITAL ROAD,BANBRIDGE,BT32 3GN,Southern,9031
Dr. SHARPE & PARTNERS               ,RIVERSIDE PRACTICE,"THE HEALTH CENTRE, TAVANAGH AVENUE","PORTADOWN, CRAIGAVON",BT62 3BU,Southern,13382
Dr. MCNIFF & PARTNERS               ,BANBRIDGE GROUP SURGERY,1 OLD HOSPITAL ROAD,BANBRIDGE,BT32 3GN,Southern,7904
Dr. MULLAN & PARTNER                ,SCARVA STREET SURGERY,60 SCARVA STREET,"LOUGHBRICKLAND, BANBRIDGE",BT32 3NH,Southern,3172
Dr. DAVIS & PARTNERS                ,52 MAIN STREET,MOIRA,CRAIGAVON,BT67 0LQ,South Eastern,9983
Dr. BEATTY & PARTNERS               ,50 GALLOWS STREET,DROMORE,CO DOWN,BT25 1BD,Southern,8162
Dr. WILSON & PARTNERS               ,8a LURGAN ROAD,AGHALEE,CRAIGAVON,BT67 0DD,South Eastern,5559
Dr. LUTTON & PARTNERS               ,THE SURGERY,32 STATION ROAD,"BALLYWARD, CASTLEWELLAN",BT31 9TU,Southern,2784
Dr. WILLIAMSON & PARTNERS           ,ORCHARD FAMILY PRACTICE,THE HEALTH CENTRE,TAVANAGH AVE,BT62 3BU,Southern,5089
Dr. HAGAN & PARTNERS                ,BANNVIEW MEDICAL PRACTICE,PORTADOWN H & C CENTRE,TAVANAGH AVENUE,BT62 3BU,Southern,4920
Dr. BURNETT & PARTNERS              ,THE HEALTH CENTRE,TAVANAGH AVENUE,"PORTADOWN, CRAIGAVON",BT62 3BU,Southern,9228
Dr. MCCLOSKEY & PARTNERS            ,THE OLD SCHOOL HOUSE MEDICAL CENTRE,1 ANTRIM ROAD,"LURGAN, CRAIGAVON",BT67 9BW,Southern,5172
Dr. MARSHALL & PARTNERS             ,ABBEY COURT SURGERY,DOBBIN LANE,ARMAGH,BT61 7QG,Southern,8291
Dr. JOHNSTON & PARTNER              ,MID ULSTER HEALTH CARE,SOUTH TYRONE HOSPITAL,CARLAND ROAD,BT71 4AU,Southern,8768
Dr. BOYD & PARTNER                  ,THE VALLEY MEDICAL PRACTICE,20 COONEEN ROAD,FIVEMILETOWN,BT75 0ND,Southern,4352
Dr. CARSON & PARTNERS               ,CAMPBELL SURGERY,10 QUARRY LANE,DUNGANNON,BT70 1HX,Southern,11297
Dr. MCCOLLUM & PARTNERS             ,WILLOWBANK,KEADY,CO ARMAGH,BT60 3RL,Southern,9457
Dr. MCSHANE & PARTNERS              ,MCSHANE AND CAMPBELL PRACTICE,"MOY HEALTH CENTRE, CHARLEMONT STREET",MOY,BT71 7SL,Southern,3812
Dr. POTTER & PARTNER                ,ERRIGAL MEDICAL CENTRE,OLD DUNGANNON ROAD,"BALLYGAWLEY,DUNGANNON",BT70 2EY,Southern,4409
Dr. HERRON & PARTNER                ,22 BARRACK STREET,COALISLAND,DUNGANNON,BT71 4LS,Southern,2461
Dr. MCCONVILLE & PARTNER            ,MOY MEDICAL PRACTICE,CHARLEMONT STREET,MOY,BT71 7SL,Southern,2752
Dr. CARLILE & PARTNERS              ,15 DARTAN REE,TYNAN,ARMAGH,BT60 4QT,Southern,5873
Dr. WRIGHT & PARTNERS               ,THE HEALTH CENTRE,NEWRY STREET,"MARKETHILL, ARMAGH",BT60 1TA,Southern,6393
Dr. CLEARY & PARTNER                ,MOY MEDICAL CENTRE,CHARLEMONT STREET,"MOY, DUNGANNON",BT71 7SL,Southern,3585
Dr. GARLAND & PARTNERS              ,PARKVIEW SURGERY,"SOUTH TYRONE HOSPITAL SITE, CARLAND ROAD,",DUNGANNON,BT71 4AU,Southern,9197
Dr. POTTER                          ,2 SYDNEY LANE,AUGHNACLOY,CO TYRONE,BT69 6AF,Southern,5135
Dr. WATTERS                         ,THE HEALTH CENTRE,24A TASSAGH ROAD,KEADY,BT60 3TU,Southern,2750
Dr. PICKERING                       ,TANDRAGEE MEDICAL CENTRE,3 MONTAGUE STREET,"TANDRAGEE, CRAIGAVON",BT62 2AN,Southern,3699
Dr. MCKAY & PARTNERS                ,57 THOMAS STREET,DUNGANNON,CO TYRONE,BT70 1HW,Southern,6594
Dr. O'DONNELL & PARTNER             ,THE MEDICAL CENTRE,15 BARRACK STREET,"COALISLAND, DUNGANNON",BT71 4LS,Southern,4443
Dr. GARVIN & PARTNERS               ,THE ARCHWAY SURGERY,DOBBIN LANE,ARMAGH,BT61 7QG,Southern,8455
Dr. QUINN & PARTNERS                ,THE HEALTH CENTRE,"6 GREENVIEW, MAYNOOTH ROAD","RICHHILL, ARMAGH",BT61 9PD,Southern,5451
Dr. O'HAGAN & PARTNERS              ,THE FRIARY SURGERY,DOBBIN LANE,ARMAGH,BT61 7QG,Southern,9080
Dr. MITCHEL & PARTNER               ,THE SURGERY,10A LINESIDE,"COALISLAND, DUNGANNON",BT71 4LP,Southern,4222
Dr. MULLIGAN & PARTNERS             ,CORNMARKET SURGERY,NEWRY HEALTH VILLAGE,"MONAGHAN STREET, NEWRY",BT35 6BW,Southern,4875
Dr. FEE                             ,THE HEALTH CENTRE,MCCORMICK PLACE,"CROSSMAGLEN, NEWRY",BT35 9HD,Southern,4792
Dr. FLOOD & PARTNERS                ,CORNMARKET SURGERY,NEWRY HEALTH VILLAGE,"MONAGHAN STREET, NEWRY",BT35 6BW,Southern,6637
Dr. MEGAW & PARTNER                 ,THE HEALTH CENTRE,JOHN STREET,"RATHFRILAND, NEWRY",BT34 5QH,Southern,2974
Dr. ALLEN & PARTNER                 ,14 KILKEEL ROAD,ANNALONG,NEWRY,BT34 4TH,Southern,4251
Dr. CHAMBERS & PARTNER              ,KILKEEL PRIMARY CARE CENTRE,GREENCASTLE STREET,"KILKEEL, NEWRY",BT34 4BH,Southern,3890
Dr. VETTIANKAL                      ,MEIGH SURGERY,5B DRUMINTEE ROAD,"KILLEAVY, NEWRY",BT35 8JT,Southern,2869
Dr. KING & PARTNERS                 ,CLANRYE SURGERY,NEWRY HEALTH VILLAGE,"MONAGHAN STREET, NEWRY",BT35 6BW,Southern,9234
Dr. WADE & PARTNERS                 ,THE HEALTH CENTRE,JOHN STREET,"RATHFRILAND, NEWRY",BT34 5QH,Southern,4378
Dr. MCGIVERN & PARTNERS             ,SUMMER HILL SURGERY,50 GREAT GEORGES STREET,"WARRENPOINT, NEWRY",BT34 3HS,Southern,8424
Dr. MCEVOY & PARTNERS               ,MCVERRY/MCEVOY MEDICAL CENTRE,NEWRY HEALTH VILLAGE,"MONAGHAN STREET, NEWRY",BT35 6BW,Southern,9670
Dr. FORSHAW & PARTNERS              ,CLANRYE SURGERY,NEWRY HEALTH VILLAGE,"MONAGHAN STREET, NEWRY",BT35 6BW,Southern,4583
Dr. O'NEILL & PARTNERS              ,MEADOWLANDS SURGERY,MONAGHAN STREET,NEWRY,BT35 6BW,Southern,7158
Dr. LAMBE & PARTNERS                ,53 DUNDALK STREET,NEWTOWNHAMILTON,NEWRY,BT35 0PB,Southern,3973
Dr. MURPHY & PARTNERS               ,THE HEALTH CENTRE,SUMMERHILL,"WARRENPOINT, NEWRY",BT34 3JD,Southern,4847
Dr. MCKINLEY & PARTNERS             ,CORNMARKET SURGERY,NEWRY HEALTH VILLAGE,"MONAGHAN STREET, NEWRY",BT35 6BW,Southern,7397
Dr. MAGUIRE                         ,MAPHONER SURGERY,2A FORKHILL ROAD,"MULLAGHBAWN, NEWRY",BT35 9RA,Southern,5199
Dr. MCKERNAN & PARTNER              ,BESSBROOK SURGERY,7A CONVENT HILL,"BESSBROOK, NEWRY",BT35 7AW,Southern,2439
Dr. SHANNON & PARTNER               ,THE HEALTH CENTRE,JOHN STREET,"RATHFRILAND, NEWRY",BT34 5QH,Southern,3725
Dr. MULHOLLAND & PARTNERS           ,THE HEALTH CENTRE,2A MARKETHILL ROAD,"NEWTOWNHAMILTON, NEWRY",BT35 0BE,Southern,4516
Dr. ALLEN & PARTNER                 ,RATHKEELAND HOUSE,1 BLANEY ROAD,"CROSSMAGLEN, NEWRY",BT35 9JJ,Southern,4230
Dr. BONNER                          ,MARINA SURGERY,15 HAVELOCK PLACE,"WARRENPOINT, NEWRY",BT34 3NE,Southern,2226
Dr. POOTS & PARTNERS                ,MOURNE FAMILY SURGERY,"MOURNE HOSPITAL, NEWRY STREET","KILKEEL,NEWRY",BT34 4DN,Southern,4255
Dr. MERCER & PARTNER                ,KILKEEL PRIMARY CARE CENTRE,GREENCASTLE STREET,"KILKEEL, NEWRY",BT34 4BH,Southern,1872
Dr. DILLON & PARTNERS               ,SHANLIEVE SURGERY,"KILKEEL PRIMARY CARE CENTRE, GREENCASTLE STREET","KILKEEL, NEWRY",BT34 4BH,Southern,3438
Dr. PATTERSON & PARTNERS            ,Arbor Family Practice,Brownlow Health Centre,"1 LEGAHORY CENTRE, LEGAHORY, CRAIGAVON",BT65 5BE,Southern,2891
Dr. MAGUIRE & PARTNERS              ,THE HEALTH CENTRE,ERNE ROAD,ENNISKILLEN,BT74 6NN,Western,4260
Dr. GUETTE                          ,"DEVENISH PRACTICE, THE HEALTH CENTRE",ERNE ROAD,ENNISKILLEN,BT74 6NN,Western,4018
Dr. MEADE & PARTNERS                ,LAKESIDE MEDICAL PRACTICE,ERNE ROAD,ENNISKILLEN,BT74 6NN,Western,7121
Dr. MCCAW & PARTNERS                ,IRVINESTOWN HEALTH CENTRE,CHURCH STREET,IRVINESTOWN,BT94 1EH,Western,7587
Dr. MALLON & PARTNER                ,THE HEALTH CENTRE,ERNE ROAD,ENNISKILLEN,BT74 6NN,Western,2984
Dr. CATHCART & PARTNERS             ,THE HEALTH CENTRE,ERNE ROAD,ENNISKILLEN,BT74 6NN,Western,7455
Dr. PORTEOUS & PARTNERS             ,MAPLE GROUP PRACTICE,DRUMHAW,"LISNASKEA, ENNISKILLEN",BT92 0FP,Western,14231
Dr. HERDMAN & PARTNERS              ,RATHMORE CLINIC,BELLEEK,ENNISKILLEN,BT93 3FY,Western,3838
Dr. CROMIE & PARTNERS               ,BROOKEBOROUGH & TEMPO PRIMARY CARE SERVICES,9 TANYARD LANE,"BROOKEBOROUGH, ENNISKILLEN",BT94 4JG,Western,7301
Dr. CUNNINGHAM & PARTNERS           ,CUILCAGH MEDICAL PRACTICE,DRUMLAGHY,"FLORENCECOURT, ENNISKILLEN",BT92 1BZ,Western,7872
Dr. COSGROVE & PARTNERS             ,"CITYVIEW MEDICAL, WATERSIDE HEALTH CENTRE",SPENCER ROAD,LONDONDERRY,BT47 6AH,Western,9863
Dr. MCQUILLAN & PARTNERS            ,BOVALLY MEDICAL CENTRE,2 ROSSAIR ROAD,LIMAVADY,BT49 0TE,Western,6105
Dr. DURAND & PARTNERS               ,QUAYSIDE MEDICAL PRACTICE,80 - 84 STRAND ROAD,LONDONDERRY,BT48 7NN,Western,12081
Dr. O'DONNELL & PARTNERS            ,"PARK MEDICAL, THE HEALTH CENTRE",GREAT JAMES STREET,LONDONDERRY,BT48 7DH,Western,8312
Dr. GALLAGHER & PARTNERS            ,THE HEALTH CENTRE,IRWIN CRESCENT,"CLAUDY, LONDONDERRY",BT47 4AB,Western,4997
Dr. ROBINSON & PARTNERS             ,MOURNESIDE MEDICAL CENTRE,1A BALLYCOLMAN AVENUE,STRABANE,BT82 9AF,Western,10797
Dr. DOHERTY & PARTNERS              ,OAKLEAF MEDICAL PRACTICE,GREAT JAMES STREET,LONDONDERRY,BT48 7DH,Western,10675
Dr. KNOX & PARTNER                  ,THE HEALTH CENTRE,FEENY,LONDONDERRY,BT47 4TD,Western,6022
Dr. MCCLOSKEY & PARTNERS            ,THE ABERFOYLE SURGERY,120 STRAND ROAD,LONDONDERRY,BT48 7NY,Western,11422
Dr. FULLERTON & PARTNER             ,256 BERRYHILL ROAD,DUNAMANAGH,STRABANE,BT82 0NB,Western,4100
Dr. BANKHEAD & PARTNERS             ,BRIDGE STREET MEDICAL CENTRE,BRIDGE STREET,LONDONDERRY,BT48 6LD,Western,4816
Dr. BLACK & PARTNERS                ,ABBEY MEDICAL PRACTICE,ABBEY STREET,LONDONDERRY,BT48 9DN,Western,6913
Dr. PRATT & PARTNERS                ,ROSSAIR FAMILY PRACTICE,2 ROSSAIR ROAD,LIMAVADY,BT49 0TE,Western,6562
Dr. O'FLAHERTY & PARTNERS           ,STRABANE HEALTH CENTRE,UPPER MAIN STREET,STRABANE,BT82 8AS,Western,7788
Dr. WARNOCK & PARTNERS              ,DUNGIVEN FAMILY PRACTICE,DUNGIVEN,LONDONDERRY,BT47 4RS,Western,3592
Dr. LALSINGH & PARTNERS             ,CLARENDON MEDICAL,35 NORTHLAND AVENUE,LONDONDERRY,BT48 7GW,Western,11040
Dr. O'HARE & PARTNERS               ,WESTERN RURAL HEALTHCARE,CASTLEDERG GROUP SURGERY,"13A LOWER STRABANE ROAD, CASTLEDERG",BT81 7AZ,Western,15356
Dr. DOHERTY                         ,49 CLARENDON STREET,LONDONDERRY,,BT48 7ER,Western,2840
Dr. QUINN & PARTNERS                ,THE HEALTH CENTRE,SCROGGY ROAD,LIMAVADY,BT49 0NA,Western,5887
Dr. ETHERSON & PARTNERS             ,STRABANE HEALTH CENTRE,UPPER MAIN STREET,STRABANE,BT82 8AS,Western,6517
Dr. DEANE & PARTNER                 ,NORTHSIDE MEDICAL PRACTICE,"SHANTALLOW HEALTH CENTRE, RACECOURSE ROAD",LONDONDERRY,BT48 8NL,Western,3655
Dr. DEVLIN & PARTNER                ,"RACECOURSE MEDICAL, SHANTALLOW HEALTH CENTRE",RACECOURSE ROAD,LONDONDERRY,BT48 8NL,Western,4754
Dr. ORR & PARTNERS                  ,FOYLESIDE FAMILY PRACTICE,BRIDGE STREET MEDICAL CENTRE,"BRIDGE STREET, LONDONDERRY",BT48 6LD,Western,5891
Dr. O'FLAHERTY & PARTNERS           ,"GLENDERMOTT MEDICAL, WATERSIDE HEALTH CENTRE",SPENCER ROAD,LONDONDERRY,BT47 6AH,Western,7849
Dr. MCEVOY & PARTNER                ,BAYVIEW MEDICAL CENTRE,3 BAYVIEW TERRACE,LONDONDERRY,BT48 7EE,Western,3985
Dr. DOLAN & PARTNERS                ,"RIVERFRONT MEDICAL, WATERSIDE HEALTH CENTRE",SPENCER ROAD,LONDONDERRY,BT47 6AH,Western,8654
Dr. PATTERSON & PARTNERS            ,EGLINTON MEDICAL PRACTICE,29 MAIN STREET,"EGLINTON, LONDONDERRY",BT47 3AB,Western,7720
Dr. HENDERSON & PARTNERS            ,THE HEALTH CENTRE,SCROGGY ROAD,LIMAVADY,BT49 0NA,Western,7002
Dr. MONAGHAN & PARTNERS             ,FINTONA GROUP PRACTICE,33 DROMORE ROAD,"FINTONA, OMAGH",BT78 2BB,Western,6814
Dr. RITCHIE & PARTNER               ,2H MAIN STREET,DRUMQUIN,CO TYRONE,BT78 4SB,Western,1957
Dr. QUINN & PARTNERS                ,GRANGE FAMILY PRACTICE,7 DONAGHANIE ROAD,OMAGH,BT79 0NR,Western,6766
Dr. SCULLY                          ,23 OMAGH ROAD,DRUMQUIN,OMAGH,BT78 4QY,Western,1542
Dr. O'NEILL & PARTNERS              ,THREE SPIRES SURGERY,7 DONAGHANIE ROAD,OMAGH,BT79 0NR,Western,10185
Dr. CORRY & PARTNERS                ,CARRICKMORE HEALTH CENTRE,TERMON ROAD,"CARRICKMORE, OMAGH",BT79 9JR,Western,9417
Dr. REILLY & PARTNER                ,DROMORE SURGERY,16 CAMDERRY ROAD,"DROMORE, OMAGH",BT78 3AU,Western,5953
Dr. GALLAGHER & PARTNERS            ,DRUMRAGH FAMILY PRACTICE,7 DONAGHANIE ROAD,OMAGH,BT79 0NR,Western,10734
Dr. DEEHAN & PARTNER                ,STRULE MEDICAL PRACTICE,7 DONAGHANIE ROAD,OMAGH,BT79 0NR,Western,3204
Dr. HICKS & PARTNER                 ,41 MAIN STREET,PLUMBRIDGE,OMAGH,BT79 8DL,Western,3325
