Practice No,Practice Name,Address1,Address2,Address3,Postcode,LCG,Registered Patients
1,Dr. IRWIN & PARTNERS                ,HARLAND MEDICAL PRACTICE,WESTMINSTER AVENUE,BELFAST,BT4 1NS,Belfast,6839
3,Dr. MCCUTCHEON & PARTNERS           ,2ND FLOOR,THE ARCHES CENTRE,WESTMINSTER AVENUE NORTH,BT4 1NS,Belfast,7194
6,Dr. SHARKEY & PARTNERS              ,CARRYDUFF SURGERY,HILLSBOROUGH ROAD,CARRYDUFF BELFAST,BT8 8HR,Belfast,11044
10,Dr. WILSON & PARTNER                ,TEMPLEMORE MEDICAL CENTRE,225 ALBERTBRIDGE ROAD,BELFAST,BT5 4PX,Belfast,2437
13,Dr. COOGAN                          ,TEMPLEMORE MEDICAL CENTRE,225 ALBERTBRIDGE ROAD,BELFAST,BT5 4PX,Belfast,3240
14,Dr. COULTER & PARTNERS              ,KERRSLAND SURGERY,169 UPPER NEWTOWNARDS ROAD,BELFAST,BT4 3HZ,Belfast,8093
15,Dr. MCGARRITY & PARTNERS            ,54 HOLYWOOD ROAD,BELFAST,,BT4 1NT,Belfast,5637
16,Dr. ROSS & PARTNERS                 ,KNOCK MEDICAL CENTRE,423B UPPER NEWTOWNARDS ROAD,BELFAST,BT4 3LH,Belfast,5870
17,Dr. SCOTT & PARTNERS                ,HOLYWOOD ARCHES HEALTH CENTRE,WESTMINSTER AVENUE,BELFAST,BT4 1NS,Belfast,5509
18,Dr. KELLY & PARTNERS                ,BRIDGES FAMILY PRACTICE,2-6 BRYSON STREET,BELFAST,BT5 4ES,Belfast,6792
19,Dr. MITCHELL & PARTNERS             ,LINEN COURT SURGERY,336 BEERSBRIDGE ROAD,BELFAST,BT5 5DY,Belfast,3814
20,Dr. LUA & PARTNER                   ,LEWIS SQUARE PRACTICE,HOLYWOOD ARCHES HEALTH CENTRE,"WESTMINSTER AVENUE, BELFAST",BT4 1NS,Belfast,4171
24,Dr. MCKEE & PARTNERS                ,THE MOUNT GROUP PRACTICE,50 CASTLEREAGH STREET,BELFAST,BT5 4NH,Belfast,4393
28,Dr. GALLAGHER & PARTNERS            ,THE VICTORIA PRACTICE,HOLYWOOD ARCHES HEALTH CENTRE,"WESTMINSTER AVENUE, BELFAST",BT4 1NS,Belfast,3362
29,Dr. SAVAGE & PARTNERS               ,CASTLEREAGH MEDICAL CENTRE,21 BALLYGOWAN ROAD,BELFAST,BT5 7LH,Belfast,4875
30,Dr. THOMPSON & PARTNERS             ,EASTSIDE SURGERY,56 TEMPLEMORE AVENUE,BELFAST,BT5 4FT,Belfast,2841
31,Dr. HASLAM & PARTNERS               ,DUNDONALD MEDICAL CENTRE,16 CHURCH ROAD,"DUNDONALD, BELFAST",BT16 2LN,Belfast,7354
32,Dr. WILSON & PARTNERS               ,WILLOWFIELD SURGERY,50/52 CASTLEREAGH ROAD,BELFAST,BT5 5FP,Belfast,3878
33,Dr. RODGERS & PARTNERS              ,222 WOODSTOCK ROAD,BELFAST,,BT6 9DL,Belfast,4696
37,Dr. MONCRIEFF & PARTNERS            ,CHERRYVALLEY HEALTH CENTRE,KINGS SQUARE,BELFAST,BT5 7BP,Belfast,6485
38,Dr. ABERNETHY                       ,CHERRYVALLEY HEALTH CENTRE,KINGS SQUARE,BELFAST,BT5 7BP,Belfast,1998
52,Dr. SAVAGE & PARTNER                ,16 MCCANDLESS STREET,CRUMLIN ROAD,BELFAST,BT13 1RU,Belfast,2869
53,Dr. COLGAN                          ,463 FALLS ROAD,BELFAST,,BT12 6DD,Belfast,3102
55,Dr. O'KANE                          ,THE HEALTH CENTRE,94-100 CRUMLIN ROAD,BELFAST,BT14 6AR,Belfast,1199
57,Dr. CAMPBELL & PARTNER              ,"THE MAUREEN SHEEHAN CENTRE, BUILDING 2",106 ALBERT STREET,BELFAST,BT12 4HL,Belfast,5180
58,Dr. FARNAN & PARTNERS               ,THE GROUP SURGERY,257 NORTH QUEEN STREET,BELFAST,BT15 1HS,Belfast,5793
60,Dr. BURNS & PARTNERS                ,165 DUNCAIRN GARDENS,BELFAST,CO ANTRIM,BT15 2GE,Belfast,3091
61,Dr. CROSSIN & PARTNERS              ,THE CARRICK HILL MEDICAL CENTRE,1 CARRICK HILL,BELFAST,BT1 2JR,Belfast,9585
62,Dr. GARDINER & PARTNER              ,GARDINER FAMILY PRACTICE,CRUMLIN ROAD HEALTH CENTRE,"100 CRUMLIN ROAD, BELFAST",BT14 6AR,Belfast,1313
63,Dr. O'DONNELL & PARTNER             ,WILLOW MEDICAL PRACTICE,155 ANDERSONSTOWN ROAD,BELFAST,BT11 9EA,Belfast,3013
64,Dr. DONAGHY & PARTNERS              ,DUNVILLE HEALTH CENTRE,309 GROSVENOR ROAD,BELFAST,BT12 4LP,Belfast,4277
66,Dr. DURKAN & PARTNERS               ,"GROVE WELLBEING CENTRE, PARKSIDE SURGERY",120 YORK ROAD,BELFAST,BT15 3HF,Belfast,6956
68,Dr. CARDWELL & PARTNERS             ,136-138 SHANKILL ROAD,BELFAST,,BT13 2BD,Belfast,2546
69,Dr. TAN & PARTNER                   ,FLAX CENTRE,ARDOYNE AVENUE,BELFAST,BT14 7DA,Belfast,3054
70,Dr. CHAMBERS & PARTNERS             ,BALLYSILLAN GROUP PRACTICE,156-158 BALLYSILLAN ROAD,BELFAST,BT14 7QR,Belfast,5575
71,Dr. LEAVY & PARTNERS                ,463 SPRINGFIELD ROAD,BELFAST,,BT12 7DP,Belfast,6416
72,Dr. AGAHI & PARTNER                 ,MOUNTAINVIEW SURGERY,585 CRUMLIN ROAD,BELFAST,BT14 7GB,Belfast,1891
73,Dr. CLULOW & PARTNER                ,CRUMLIN ROAD FAMILY PRACTICE,CRUMLIN ROAD HEALTH CENTRE,"94-100 CRUMLIN ROAD, BELFAST",BT14 6AR,Belfast,2206
74,Dr. BEATTIE & PARTNER               ,DR SIMPSON & DR BEATTIE,NORTHGATE FAMILY PRACTICE,"36 DUNCAIRN GARDENS, BELFAST",BT15 2GH,Belfast,2745
75,Dr. MCCLOSKEY & PARTNERS            ,GROSVENOR ROAD SURGERY,216 GROSVENOR ROAD,BELFAST,BT12 5LT,Belfast,9997
79,Dr. O'NEILL & PARTNERS              ,70 SPRINGFIELD ROAD,BELFAST,CO ANTRIM,BT12 7AH,Belfast,9079
80,Dr. CONWAY & PARTNERS               ,460 OLDPARK ROAD,BELFAST,,BT14 6QG,Belfast,4731
81,Dr. MCHUGH & PARTNERS               ,46 SPRINGFIELD ROAD,BELFAST,,BT12 7AH,Belfast,7479
83,Dr. PATTON & PARTNERS               ,"GROVE WELLBEING CENTRE, GROVE MEDICAL PRACTICE",120 YORK ROAD,BELFAST,BT15 3HF,Belfast,6052
84,Dr. SALTERS & PARTNERS              ,186 FALLS ROAD,BELFAST,,BT12 6AG,Belfast,3695
85,Dr. MACSORLEY & PARTNER             ,515 ANTRIM ROAD,BELFAST,,BT15 3BS,Belfast,5221
86,Dr. LOUGHREY & PARTNERS             ,SALISBURY MEDICAL CENTRE,474 ANTRIM ROAD,BELFAST,BT15 5GF,Belfast,10734
92,Dr. MCFERRAN & PARTNERS             ,BALLYOWEN HEALTH CENTRE,179 ANDERSONSTOWN ROAD,BELFAST,BT11 9EA,Belfast,5049
93,Dr. MAHOOD & PARTNERS               ,61 CLIFTONVILLE ROAD,BELFAST,,BT14 6JN,Belfast,5668
94,Dr. CUMMINGS & PARTNER              ,115 FALLS ROAD,BELFAST,,BT12 6AA,Belfast,7186
95,Dr. WYLIE & PARTNERS                ,BALLYOWEN HEALTH CENTRE,179 ANDERSONSTOWN ROAD,BELFAST,BT11 9EA,Belfast,2676
96,Dr. MAGENIS & PARTNERS              ,MALVERN FAMILY PRACTICE,69 SHANKILL ROAD,BELFAST,BT13 1FD,Belfast,5375
98,Dr. GILMORE & PARTNERS              ,THE LIGONIEL HEALTH CENTRE,74A LIGONIEL ROAD,BELFAST,BT14 8BY,Belfast,3777
101,Dr. KELLY & PARTNERS                ,132-136 SANDY ROW,BELFAST,CO ANTRIM,BT12 5EY,Belfast,4597
103,Dr. MAGUIRE & PARTNERS              ,15/17 CLIFTON STREET,BELFAST,,BT13 1AD,Belfast,9087
104,Dr. WRIGHT & PARTNERS               ,17 BALLYGOMARTIN ROAD,BELFAST,,BT13 3BW,Belfast,7977
105,Dr. DOGGART & PARTNERS              ,CHURCH VIEW MEDICAL PRACTICE,69 SHANKILL ROAD,BELFAST,BT13 1FD,Belfast,5078
111,Dr. MCKENNA & PARTNER               ,2 THAMES STREET,BELFAST,CO ANTRIM,BT12 6AP,Belfast,2860
113,Dr. DUGAN                           ,173 ANDERSONSTOWN ROAD,BELFAST,,BT11 9EA,Belfast,4444
114,Dr. BONNAR & PARTNERS               ,33 STEWARTSTOWN ROAD,BELFAST,,BT11 9FZ,Belfast,6971
116,Dr. DORAN & PARTNERS                ,CROCUS STREET SURGERY,1 CROCUS STREET,BELFAST,BT12 7AP,Belfast,4494
132,Dr. MCGLADE & PARTNERS              ,DUNLUCE FAMILY PRACTICE,1 DUNLUCE AVENUE,BELFAST,BT9 7HR,Belfast,6645
136,Dr. HAIGNEY & PARTNERS              ,MOUNT ORIEL MEDICAL PRACTICE,KNOCKBREDA WTC,"110 SAINTFIELD ROAD, BELFAST",BT8 6GR,Belfast,7101
140,Dr. CONNOLLY & PARTNERS             ,THE HEALTH CENTRE,1 DUNLUCE AVENUE,BELFAST,BT9 7HR,Belfast,8747
143,Dr. SHERWOOD & PARTNERS             ,THE ROWAN TREE FAMILY PRACTICE,1 DUNLUCE AVENUE,BELFAST,BT9 7HR,Belfast,5584
144,Dr. CHU                             ,RAVENBANK SURGERY,113 RAVENHILL ROAD,BELFAST,BT6 8DR,Belfast,1555
145,Dr. KILLINER & PARTNERS             ,15A DONEGALL ROAD,BELFAST,,BT12 5JJ,Belfast,8332
146,Dr. HUGHES                          ,BALMORAL SURGERY,436 LISBURN ROAD,BELFAST,BT9 6GR,Belfast,4101
147,Dr. CHEYNE & PARTNERS               ,281 ORMEAU ROAD,BELFAST,,BT7 3GG,Belfast,7605
148,Dr. TONER & PARTNERS                ,SOUTH EAST FAMILY PRACTICE,370/372 CREGAGH ROAD,BELFAST,BT6 9EY,Belfast,9033
151,Dr. MCAULEY & PARTNERS              ,THE HEALTH CENTRE,13/25 FINAGHY ROAD SOUTH,BELFAST,BT10 0BX,Belfast,13169
153,Dr. O'HARE & PARTNERS               ,ORMEAU ROAD HEALTH CENTRE,120 ORMEAU ROAD,BELFAST,BT7 2EB,Belfast,9666
154,Dr. MCCAULEY & PARTNERS             ,142 - 144 UNIVERSITY STREET,BELFAST,,BT7 1HH,Belfast,5049
156,Dr. CHAKRAVARTY & PARTNERS          ,BALLYOWEN HEALTH CENTRE,179 ANDERSONSTOWN ROAD,BELFAST,BT11 9EA,Belfast,7073
157,Dr. FAIR & PARTNERS                 ,UNIVERSITY HEALTH CENTRE AT QUEENS,ELMWOOD MANSE,"7 UNIVERSITY TERRACE, BELFAST",BT7 1NP,Belfast,10437
159,Dr. BELL & PARTNERS                 ,485 ORMEAU ROAD,BELFAST,,BT7 3GR,Belfast,5851
164,Dr. MURDOCK & PARTNER               ,CREGAGH SURGERY,36 MONTGOMERY ROAD,BELFAST,BT6 9HL,Belfast,3467
165,Dr. KEANE & PARTNERS                ,6 NORTH PARADE,BELFAST,,BT7 2GG,Belfast,8666
166,Dr. CULLEN & PARTNER                ,BOTANIC MEDICAL CENTRE,51 BOTANIC AVENUE,BELFAST,BT7 1JL,Belfast,2797
191,Dr. FERGUSON & PARTNERS             ,THE MONTALTO MEDICAL CENTRE,2 DROMORE ROAD,BALLYNAHINCH,BT24 8AY,South Eastern,9824
192,Dr. MCGILL & PARTNERS               ,KILLYLEAGH SURGERY,14 DOWNPATRICK ROAD,"KILLYLEAGH, DOWNPATRICK",BT30 9RG,South Eastern,4944
193,Dr. GREER & PARTNERS                ,14 CHURCH VIEW,DUNDRUM,NEWCASTLE,BT33 0NA,South Eastern,10063
194,Dr. HYLAND & PARTNER                ,THE SURGERY,CAUSEWAY PLACE,NEWCASTLE,BT33 0DN,South Eastern,2032
195,Dr. GILPIN & PARTNER                ,THE SURGERY,CAUSEWAY PLACE,NEWCASTLE,BT33 0DN,South Eastern,1761
196,Dr. MURPHY & PARTNER                ,THE HEALTH CENTRE,DOWNPATRICK ROAD,ARDGLASS,BT30 7SF,South Eastern,3256
198,Dr. ROSS & PARTNERS                 ,THE HEALTH CENTRE,FAIRVIEW,"SAINTFIELD, BALLYNAHINCH",BT24 7AD,South Eastern,8960
201,Dr. LEGGETT & PARTNERS              ,DONARD FAMILY PRACTICE,56 MAIN STREET,"NEWCASTLE, CO DOWN",BT33 0AE,South Eastern,11841
202,Dr. SMALL & PARTNER                 ,GP & PRIMARY CARE CENTRE,"FIRST FLOOR, DOWN HOSPITAL","STRUELL WELLS ROAD, DOWNPATRICK",BT30 6RL,South Eastern,3901
204,Dr. BOYLE & PARTNERS                ,THE SURGERY,12 THE GREEN,"IRISH STREET, DOWNPATRICK",BT30 6BE,South Eastern,4936
205,Dr. TRAINOR & PARTNERS              ,THE SURGERY,JAMES STREET,"CROSSGAR, DOWNPATRICK",BT30 9JU,South Eastern,4685
206,Dr. SHEVLIN & PARTNERS              ,GP & PRIMARY CARE CENTRE,"FIRST FLOOR, DOWN HOSPITAL","STRUELL WELLS ROAD, DOWNPATRICK",BT30 6RL,South Eastern,4940
207,Dr. CREANEY & PARTNER               ,STREAM STREET SURGERY,40 STREAM STREET,DOWNPATRICK,BT30 6DE,South Eastern,4998
221,Dr. FLEMING & PARTNERS              ,HEALTH CENTRE,BALLYNAHINCH ST,HILLSBOROUGH,BT26 6AW,South Eastern,10043
222,Dr. MULHOLLAND & PARTNERS           ,WOODBROOK MEDICAL PRACTICE,STEWARTSTOWN ROAD,DUNMURRY BELFAST,BT17 0FB,South Eastern,9117
223,Dr. CARSON & PARTNERS               ,THE HEALTH CENTRE,LINENHALL STREET,LISBURN,BT28 1LU,South Eastern,3931
224,Dr. CAIRNS & PARTNERS               ,THE HEALTH CENTRE,LINENHALL STREET,LISBURN,BT28 1LU,South Eastern,7114
226,Dr. SMITH & PARTNERS                ,THE SURGERY,BEGNEY HILL ROAD,DROMARA,BT25 2AT,South Eastern,8368
227,Dr. CURRY & PARTNERS                ,THE HEALTH CENTRE,LINENHALL STREET,LISBURN,BT28 1LU,South Eastern,12197
228,Dr. FORDE & PARTNERS                ,LAGANVIEW MEDICAL PRACTICE,"LISBURN HEALTH CENTRE, LINENHALL STREET",LISBURN,BT28 1LU,South Eastern,4377
229,Dr. RUDDELL & PARTNERS              ,THE HEALTH CENTRE,LINENHALL STREET,LISBURN,BT28 1LU,South Eastern,8814
230,Dr. RYAN & PARTNERS                 ,THE HEALTH CENTRE,LINENHALL STREET,LISBURN,BT28 1LU,South Eastern,5103
231,Dr. PALMER & PARTNERS               ,THE HEALTH CENTRE,LINENHALL STREET,LISBURN,BT28 1LU,South Eastern,9728
232,Dr. DICK & PARTNERS                 ,192 KINGSWAY,DUNMURRY,BELFAST,BT17 9AL,South Eastern,7951
233,Dr. GALLAGHER & PARTNER             ,GLENAVY FAMILY PRACTICE,47 MAIN STREET,"GLENAVY, CRUMLIN",BT29 4LN,South Eastern,4574
234,Dr. PATTERSON                       ,THE HEALTH CENTRE,LINENHALL STREET,LISBURN,BT28 1LU,South Eastern,1840
252,Dr. LAWSON & PARTNERS               ,PRIORY SURGERY,26 HIGH STREET,HOLYWOOD,BT18 9AD,South Eastern,14797
253,Dr. REID & PARTNERS                 ,THE HEALTH CENTRE,NEWTOWNARDS ROAD,BANGOR,BT20 4LD,South Eastern,7692
254,Dr. MARSHALL & PARTNER              ,24 LISBARNETT ROAD,LISBANE,NEWTOWNARDS,BT23 6AW,South Eastern,4116
255,Dr. KENNY & PARTNERS                ,THE HEALTH CENTRE,NEWTOWNARDS ROAD,BANGOR,BT20 4LD,South Eastern,5449
256,Dr. CRAIG & PARTNER                 ,140 GROOMSPORT ROAD,BANGOR,CO DOWN,BT20 5PE,South Eastern,5747
257,Dr. MCCREERY & PARTNERS             ,THE SURGERY,BROOK STREET,HOLYWOOD,BT18 9DA,South Eastern,8200
258,Dr. DREW & PARTNERS                 ,THE HEALTH CENTRE,NEWTOWNARDS ROAD,BANGOR,BT20 4LD,South Eastern,4927
259,Dr. DOYLE & PARTNERS                ,CUAN FAMILY PRACTICE,44 HIGH STREET,"PORTAFERRY, NEWTOWNARDS",BT22 1QT,South Eastern,3873
260,Dr. CRAWFORD & PARTNERS             ,THE HEALTH CENTRE,NEWTOWNARDS ROAD,BANGOR,BT20 4LD,South Eastern,7266
261,Dr. NEOH & PARTNERS                 ,KILLYNETHER PRACTICE,2A FREDERICK STREET,NEWTOWNARDS,BT23 4LR,South Eastern,6078
263,Dr. BISSETT & PARTNER               ,DR ROBERT HENRY SURGERY,7A NEWTOWNARDS ROAD,"COMBER, NEWTOWNARDS",BT23 5AU,South Eastern,1745
264,Dr. KINNEAR & PARTNERS              ,SILVERBIRCH MEDICAL PRACTICE,39A SILVERBIRCH ROAD,BANGOR,BT19 6EU,South Eastern,2724
265,Dr. HYLAND & PARTNERS               ,THE SURGERY,1 CHURCH STREET,NEWTOWNARDS,BT23 4FH,South Eastern,4117
271,Dr. GREER & PARTNERS                ,OLD MILL SURGERY,CHURCH STREET,NEWTOWNARDS,BT23 4AS,South Eastern,10763
272,Dr. MCKEOWN & PARTNERS              ,16 A THE SQUARE,COMBER,NEWTOWNARDS,BT23 5DT,South Eastern,6651
273,Dr. WHITESIDE & PARTNERS            ,THE HEALTH CENTRE,5 NEWTOWNARDS ROAD,"COMBER, NEWTOWNARDS",BT23 5BA,South Eastern,5806
274,Dr. MCNUTT & PARTNERS               ,BLOOMFIELD SURGERY,95 BLOOMFIELD ROAD,BANGOR,BT20 4XA,South Eastern,10376
275,Dr. WEBB & PARTNERS                 ,REGENCY MEDICAL CENTRE,2A FREDERICK STREET,NEWTOWNARDS,BT23 4LR,South Eastern,4887
276,Dr. HISCOCKS & PARTNERS             ,DONAGHADEE HEALTH CENTRE,3 KILLAUGHEY ROAD,DONAGHADEE,BT21 0BU,South Eastern,9266
278,Dr. MCCANCE & PARTNERS              ,THE SURGERY,1 CHURCH STREET,NEWTOWNARDS,BT23 4FH,South Eastern,4419
279,Dr. COULTER & PARTNER               ,WINDMILL SURGERY,44 HIGH STREET,"PORTAFERRY, NEWTOWNARDS",BT22 1QT,South Eastern,2435
280,Dr. JACKSON & PARTNERS              ,ABBEY FAMILY PRACTICE,BANGOR HEALTH CENTRE,NEWTOWNARDS ROAD,BT20 4LD,South Eastern,5266
281,Dr. ABRAHAM & PARTNERS              ,CLELAND PARK SURGERY,2 CLELAND PARK,BANGOR,BT20 3EB,South Eastern,5899
282,Dr. HUGHES & PARTNERS               ,THE HEALTH CENTRE,FOWLER WAY,"BALLYWALTER, NEWTOWNARDS",BT22 2PY,South Eastern,5651
283,Dr. BAILIE & PARTNERS               ,LOUGH VIEW SURGERY,2 MAIN STREET,"KIRCUBBIN, NEWTOWNARDS",BT22 2SP,South Eastern,5722
284,Dr. ARMSTRONG & PARTNER             ,THE SURGERY,1 CHURCH STREET,NEWTOWNARDS,BT23 4FH,South Eastern,3087
285,Dr. JACKSON & PARTNER               ,GREEN ROAD MEDICAL CENTRE,5 GREEN ROAD,"CONLIG, NEWTOWNARDS",BT23 7PZ,South Eastern,3912
302,Dr. HUEY & PARTNERS                 ,THE SURGERY,80 CASTLETON,"TEMPLEPATRICK, BALLYCLARE",BT39 0AZ,Northern,9361
303,Dr. HYNDMAN & PARTNERS              ,1 GLENAVY ROAD,CRUMLIN,CO ANTRIM,BT29 4LA,Northern,7854
304,Dr. BUTLER & PARTNERS               ,MAINE MEDICAL PRACTICE,THE OLD MEETING HOUSE,2 STRAID RD,BT42 2PB,Northern,5055
305,Dr. HARPER & PARTNERS               ,BERNAGHMORE MEDICAL PRACTICE,BALLYMENA HEALTH & CARE CENTRE,"86 CUSHENDALL ROAD, BALLYMENA",BT43 6HB,Northern,3680
307,Dr. FIELD & PARTNERS                ,ANTRIM CASTLE SURGERY,32A STATION ROAD,ANTRIM,BT41 4BS,Northern,7878
308,Dr. HUNTER & PARTNERS               ,ORIEL SURGERY,31 ORIEL ROAD,ANTRIM,BT41 4HR,Northern,5871
310,Dr. MCKELVEY & PARTNERS             ,CULLYBACKEY HEALTH CENTRE,TOBER PARK,"CULLYBACKEY, BALLYMENA",BT42 1NW,Northern,7482
311,Dr. MAGOWAN & PARTNER               ,THE SURGERY,77 GALGORM ROAD,BALLYMENA,BT42 1AA,Northern,2498
312,Dr. HALL & PARTNER                  ,Slemish View Medical Practice,Ballymena Health & Care Centre,"86 Cushendall Road, Ballymena",BT43 6HB,Northern,2561
313,Dr. RUSSELL & PARTNERS              ,THE GABLES,45 WAVENEY ROAD,BALLYMENA,BT43 5BA,Northern,3983
314,Dr. DUNDEE & PARTNERS               ,WAVENEY MEDICAL PRACTICE,BALLYMENA HEALTH & CARE CENTRE,"86 CUSHENDALL ROAD, BALLYMENA",BT43 6HB,Northern,4638
315,Dr. WRIGHT & PARTNER                ,BALLYMENA FAMILY PRACTICE,BALLYMENA HEALTH & CARE CENTRE,"86 CUSHENDALL ROAD, BALLYMENA",BT43 6HB,Northern,3359
317,Dr. REDMOND & PARTNERS              ,THE HEALTH CENTRE,76 MAIN STREET,BROUGHSHANE BALLYMENA,BT42 4JA,Northern,6908
319,Dr. MCCUSKER & PARTNERS             ,PORTGLENONE HEALTH CENTRE,17 TOWNHILL ROAD,"PORTGLENONE, BALLYMENA",BT44 8AD,Northern,6709
321,Dr. MCQUILLAN & PARTNERS            ,SEVEN TOWERS PRACTICE,BALLYMENA HEALTH & CARE CENTRE,"86 CUSHENDALL ROAD, BALLYMENA",BT43 6HB,Northern,4404
323,Dr. BROWN & PARTNER                 ,SMITHFIELD MEDICAL CENTRE,7 SMITHFIELD PLACE,"GALGORM ROAD, BALLYMENA",BT43 5HB,Northern,2645
325,Dr. BILL & PARTNERS                 ,KELLS & CONNOR MEDICAL CENTRE,36 CHURCH ROAD,"KELLS, BALLYMENA",BT42 3JU,Northern,3765
326,Dr. MCCUSKER & PARTNERS             ,THE FAMILY PRACTICE,THE HEALTH CENTRE,"STATION ROAD, ANTRIM",BT41 4BS,Northern,5797
327,Dr. KIDD & PARTNERS                 ,THE HEALTH CENTRE,STATION ROAD,ANTRIM,BT41 4BS,Northern,3556
328,Dr. JOHNSTON & PARTNERS             ,MAINE MEDICAL PRACTICE,"OLD MILL PARK, MAIN STREET","CULLYBACKEY, BALLYMENA",BT42 1GP,Northern,5011
330,Dr. MCKENNA & PARTNERS              ,THE HEALTH CENTRE,STATION ROAD,ANTRIM,BT41 4BS,Northern,4793
331,Dr. KHANNA & PARTNERS               ,BRAID FAMILY PRACTICE,BALLYMENA HEALTH & CARE CENTRE,"86 CUSHENDALL ROAD, BALLYMENA",BT43 6HB,Northern,4268
333,Dr. JOHNSTON & PARTNER              ,THE SURGERY,"TOOME HOUSE, 55 MAIN STREET","TOOMEBRIDGE, ANTRIM",BT41 3TF,Northern,3663
334,Dr. MCILROY & PARTNERS              ,THE HEALTH CENTRE,5 NEILLSBROOK ROAD,"RANDALSTOWN, ANTRIM",BT41 3AE,Northern,10390
336,Dr. MCCLEERY & PARTNERS             ,2 MALLUSK ROAD,NEWTOWNABBEY,,BT36 4PP,Northern,8779
337,Dr. DAVISON & PARTNERS              ,GLENGORMLEY PRACTICE,324 ANTRIM ROAD,NEWTOWNABBEY,BT36 5EQ,Northern,8669
341,Dr. MAXWELL & PARTNERS              ,THE HEALTH CENTRE,CASTLEROCK ROAD,COLERAINE,BT51 3HP,Northern,4899
344,Dr. TRACEY & PARTNERS               ,KILLOWEN MEDICAL CENTRE,CASTLEROCK ROAD,COLERAINE,BT51 3HP,Northern,5780
345,Dr. JOHNSTON & PARTNERS             ,BALLYMONEY FAMILY PRACTICE,BALLYMONEY HEALTH CENTRE,"21B NEWAL ROAD, BALLYMONEY",BT53 6HB,Northern,12545
346,Dr. WALLACE & PARTNERS              ,LODGE HEALTH,20 LODGE MANOR,COLERAINE,BT52 1JX,Northern,10196
349,Dr. STERNE & PARTNERS               ,THE COUNTRY MEDICAL PRACTICE,122 BALLINLEA ROAD,"ARMOY, BALLYMONEY",BT53 8TY,Northern,6204
350,Dr. CROOKS & PARTNERS               ,6 PRIESTLAND ROAD,BUSHMILLS,,BT57 8QP,Northern,2969
351,Dr. BAILIE & PARTNERS               ,PORTRUSH MEDICAL CENTRE,17 DUNLUCE AVENUE,PORTRUSH,BT56 8DW,Northern,7421
352,Dr. ORR & PARTNERS                  ,GARVAGH HEALTH CENTRE,110 MAIN STREET,"GARVAGH, COLERAINE",BT51 5AE,Northern,5872
354,Dr. HARLEY & PARTNERS               ,THE FAMILY PRACTICE,6 LEVER ROAD,PORTSTEWART,BT55 7EF,Northern,3313
355,Dr. MCCORMACK & PARTNERS            ,THE HEALTH CENTRE,36 GARVAGH ROAD,"KILREA, COLERAINE",BT51 5QP,Northern,6772
356,Dr. POLLOCK & PARTNERS              ,4 MOUNTSANDEL ROAD,COLERAINE,CO LONDONDERRY,BT52 1JB,Northern,11332
357,Dr. MCSPARRAN & PARTNERS            ,GLENS OF ANTRIM MEDICAL CENTRE,2 GORTACLEE ROAD,"CUSHENDALL, BALLYMENA",BT44 0TE,Northern,6434
358,Dr. NUTT & PARTNER                  ,LIFFOCK,69 SEA ROAD,"CASTLEROCK, COLERAINE",BT51 4TW,Northern,2724
360,Dr. HENDERSON & PARTNERS            ,THE HEALTH CENTRE,10 MONEYLECK ROAD,"RASHARKIN, BALLYMENA",BT44 8QB,Northern,4468
361,Dr. FANNIN & PARTNERS               ,THE HEALTH CENTRE,ROBINSON MEMORIAL HOSPITAL,BALLYMONEY,BT53 6HH,Northern,5367
366,Dr. MCLISTER & PARTNERS             ,DALRIADA FAMILY PRACTICE,1A COLERAINE ROAD,BALLYCASTLE,BT54 6BA,Northern,4110
367,Dr. MCCURDY & PARTNERS              ,THE FROCESS MEDICAL CENTRE,56 MAIN STREET,"CLOUGHMILLS, BALLYMENA",BT44 9LF,Northern,4715
368,Dr. HEGARTY & PARTNERS              ,BALLYCASTLE MEDICAL PRACTICE,1A COLERAINE ROAD,BALLYCASTLE,BT54 6BA,Northern,4802
369,Dr. O'LOAN & PARTNERS               ,PORTSTEWART MEDICAL CENTRE,MILL ROAD,PORTSTEWART,BT55 7SW,Northern,4100
382,Dr. STONE & PARTNERS                ,MEADOWBRIDGE SURGERY,SLAUGHTERFORD ROAD,"WHITEHEAD, CARRICKFERGUS",BT38 9TG,Northern,9077
385,Dr. KERNOHAN & PARTNERS             ,OLD SCHOOL SURGERY,54 STATION ROAD,"GREENISLAND, CARRICKFERGUS",BT38 8TP,Northern,10387
387,Dr. BUCKLEY & PARTNERS              ,THE HEALTH CENTRE,TAYLORS AVENUE,CARRICKFERGUS,BT38 7HT,Northern,7247
388,Dr. SHEPHERD & PARTNERS             ,INVER SURGERY,MOYLE MEDICAL CENTRE,"OLD GLENARM ROAD, LARNE",BT40 1XH,Northern,5202
389,Dr. MCILROY & PARTNERS              ,CORRAN SURGERY,MOYLE MEDICAL CENTRE,"OLD GLENARM ROAD, LARNE",BT40 1XH,Northern,7954
390,Dr. MCALLISTER & PARTNERS           ,THE HEALTH CENTRE,TAYLORS AVENUE,CARRICKFERGUS,BT38 7HT,Northern,14829
391,Dr. FERGUSON & PARTNERS             ,VICTORIA SURGERY,MOYLE MEDICAL CENTRE,"OLD GLENARM ROAD, LARNE",BT40 1XH,Northern,5756
393,Dr. BLACK & PARTNER                 ,THE HEALTH CENTRE,GLOUCESTER AVENUE,LARNE,BT40 1PB,Northern,2984
394,Dr. CALDWELL & PARTNERS             ,LARNE FAMILY PRACTICE,LARNE HEALTH CENTRE,GLOUCESTER AVENUE,BT40 1PB,Northern,4745
395,Dr. WILSON & PARTNER                ,ROCKFIELD MEDICAL CENTRE,BALLYMENA,,BT43 6JD,Northern,4061
396,Dr. VERCOE-ROGERS & PARTNER         ,OLD BANK SURGERY,97 MILL STREET,BALLYMENA,BT43 5AF,Northern,3725
401,Dr. WRAY & PARTNERS                 ,THE HEALTH CENTRE,52 ORRITOR ROAD,COOKSTOWN,BT80 8BN,Northern,6595
402,Dr. WHITE & PARTNERS                ,DRAPERSTOWN SURGERY,6 TOBERMORE ROAD,"DRAPERSTOWN, MAGHERAFELT",BT45 7AG,Northern,8476
404,Dr. DALZELL & PARTNERS              ,67 URBAL ROAD,COAGH,COOKSTOWN,BT80 0DP,Northern,5234
405,Dr. FLANIGAN & PARTNERS             ,LOY MEDICAL CENTRE,8 LOY STREET,COOKSTOWN,BT80 8PE,Northern,5728
406,Dr. GLANCY & PARTNERS               ,29 GARDEN STREET,MAGHERAFELT,CO LONDONDERRY,BT45 5DD,Northern,9343
407,Dr. BROWN & PARTNERS                ,OAKS FAMILY PRACTICE CENTRE,48 ORRITOR ROAD,COOKSTOWN,BT80 8BH,Northern,7770
409,Dr. MCCOY & PARTNERS                ,THE HEALTH CENTRE,50 HILLHEAD,"STEWARTSTOWN, DUNGANNON",BT71 5HY,Northern,5733
410,Dr. SHAW & PARTNERS                 ,MAGHERA MEDICAL CENTRE,25 CHURCH STREET,MAGHERA,BT46 5EA,Northern,8474
412,Dr. O'KANE & PARTNERS               ,THE DIAMOND MEDICAL CENTRE,MARKET SQUARE,MAGHERAFELT,BT45 6ED,Northern,9152
413,Dr. GRAHAM                          ,LOY BUILDINGS,18 LOY STREET,COOKSTOWN,BT80 8PE,Northern,2519
417,Dr. HINDS & PARTNERS                ,THE SURGERY,STATION ROAD,"CASTLEDAWSON, MAGHERAFELT",BT45 8AZ,Northern,7093
419,Dr. HUNTER                          ,FAIRHILL SURGERY,1 FAIRHILL ROAD,MAGHERAFELT CO LONDONDERRY,BT45 6BL,Northern,1725
420,Dr. KURIACOSE & PARTNERS            ,MONEYMORE MEDICAL PRACTICE,3 FAIRHILL,MONEYMORE,BT45 7LJ,Northern,5908
431,Dr. MEENAN & PARTNERS               ,WHITEHOUSE MEDICAL GROUP PRACTICE,"UNIT 29A, FIRST FLOOR, ABBEYCENTRE","LONGWOOD ROAD, NEWTOWNABBEY",BT37 9UH,Northern,9372
433,Dr. LOGAN & PARTNERS                ,THE HEALTH CENTRE,GEORGE AVENUE,BALLYCLARE,BT39 9HL,Northern,15255
434,Dr. HENDRON & PARTNERS              ,ABBOTS CROSS MEDICAL PRACTICE,92 DOAGH ROAD,NEWTOWNABBEY,BT37 9QW,Northern,8149
438,Dr. BEIRNE & PARTNERS               ,TRAMWAYS MEDICAL CENTRE,FARMLEY ROAD,NEWTOWNABBEY,BT36 7XX,Northern,10563
440,Dr. DORAN & PARTNERS                ,NOTTING HILL MEDICAL PRACTICE,DOAGH ROAD,NEWTOWNABBEY,BT37 9QN,Northern,10229
451,Dr. CLARKE & PARTNERS               ,BROWNLOW HEALTH CENTRE,1 LEGAHORY CENTRE,"LEGAHORY, CRAIGAVON",BT65 5BE,Southern,6191
453,Dr. MCCLOSKEY & PARTNERS            ,BANBRIDGE GROUP SURGERY,1 OLD HOSPITAL ROAD,BANBRIDGE,BT32 3GN,Southern,4195
454,Dr. HUEY & PARTNERS                 ,THE SURGERY,11 MAIN STREET,"LOUGHBRICKLAND, BANBRIDGE",BT32 3NQ,Southern,8801
455,Dr. MAGOWAN & PARTNERS              ,THE HEALTH CENTRE,CASTLEVIEW,"GILFORD, CRAIGAVON",BT63 6JS,Southern,5712
457,Dr. MCDONALD & PARTNERS             ,WYNNE HILL SURGERY,51 HILL STREET,"LURGAN, CRAIGAVON",BT66 6BW,Southern,11601
458,Dr. TROUGHTON & PARTNERS            ,PORTADOWN HEALTH&CARE CENTRE,TAVANAGH AVENUE,PORTADOWN,BT62 3BU,Southern,4967
460,Dr. LENNON & PARTNERS               ,60A MAIN STREET,DONAGHCLONEY,CRAIGAVON,BT66 7LR,Southern,4351
461,Dr. CLARKE & PARTNER                ,THE HEALTH CENTRE,TAVANAGH AVENUE,"PORTADOWN, CRAIGAVON",BT62 3BU,Southern,3928
462,Dr. EAKIN & PARTNERS                ,60 HIGH STREET,LURGAN,CRAIGAVON,BT66 8BA,Southern,9699
463,Dr. PATTERSON & PARTNERS            ,THE SURGERY,7 MOORES LANE,"LURGAN, CRAIGAVON",BT66 8DW,Southern,4855
464,Dr. O'CONNOR & PARTNERS             ,THE HEALTH CENTRE,TAVANAGH AVENUE,"PORTADOWN, CRAIGAVON",BT62 3BU,Southern,5025
465,Dr. ARMSTRONG & PARTNERS            ,28 CHURCH WALK,LURGAN,CRAIGAVON,BT67 9AA,Southern,8441
467,Dr. MCAULEY & PARTNERS              ,87/89 WILLIAM STREET,LURGAN,CRAIGAVON,BT66 6JB,Southern,5474
469,Dr. MCCANDLESS & PARTNERS           ,BANBRIDGE GROUP SURGERY,1 OLD HOSPITAL ROAD,BANBRIDGE,BT32 3GN,Southern,8871
470,Dr. SHARPE & PARTNERS               ,RIVERSIDE PRACTICE,"THE HEALTH CENTRE, TAVANAGH AVENUE","PORTADOWN, CRAIGAVON",BT62 3BU,Southern,13211
471,Dr. MCNIFF & PARTNERS               ,BANBRIDGE GROUP SURGERY,1 OLD HOSPITAL ROAD,BANBRIDGE,BT32 3GN,Southern,7907
472,Dr. MULLAN & PARTNER                ,SCARVA STREET SURGERY,60 SCARVA STREET,"LOUGHBRICKLAND, BANBRIDGE",BT32 3NH,Southern,3105
473,Dr. DAVIS & PARTNERS                ,52 MAIN STREET,MOIRA,CRAIGAVON,BT67 0LQ,South Eastern,9809
474,Dr. ATCHISON & PARTNERS             ,50 GALLOWS STREET,DROMORE,CO DOWN,BT25 1BD,Southern,8085
475,Dr. WILSON & PARTNERS               ,8a LURGAN ROAD,AGHALEE,CRAIGAVON,BT67 0DD,South Eastern,5457
476,Dr. LUTTON & PARTNERS               ,THE SURGERY,32 STATION ROAD,"BALLYWARD, CASTLEWELLAN",BT31 9TU,Southern,2793
477,Dr. WILLIAMSON & PARTNERS           ,THE HEALTH CENTRE,TAVANAGH AVENUE,"PORTADOWN, CRAIGAVON",BT62 3BU,Southern,5037
478,Dr. HAGAN & PARTNERS                ,BANNVIEW MEDICAL PRACTICE,PORTADOWN H & C CENTRE,TAVANAGH AVENUE,BT62 3BU,Southern,4977
479,Dr. BURNETT & PARTNERS              ,THE HEALTH CENTRE,TAVANAGH AVENUE,"PORTADOWN, CRAIGAVON",BT62 3BU,Southern,8976
482,Dr. MCCLOSKEY & PARTNERS            ,THE OLD SCHOOL HOUSE MEDICAL CENTRE,1 ANTRIM ROAD,"LURGAN, CRAIGAVON",BT67 9BW,Southern,5070
491,Dr. MARSHALL & PARTNERS             ,ABBEY COURT SURGERY,DOBBIN LANE,ARMAGH,BT61 7QG,Southern,8217
493,Dr. JOHNSTON & PARTNER              ,MID ULSTER HEALTH CARE,SOUTH TYRONE HOSPITAL,CARLAND ROAD,BT71 4AU,Southern,8864
494,Dr. BOYD & PARTNER                  ,THE VALLEY MEDICAL PRACTICE,20 COONEEN ROAD,FIVEMILETOWN,BT75 0ND,Southern,4339
495,Dr. CARSON & PARTNERS               ,CAMPBELL SURGERY,10 QUARRY LANE,DUNGANNON,BT70 1HX,Southern,11325
497,Dr. MCCOLLUM & PARTNERS             ,WILLOWBANK,KEADY,CO ARMAGH,BT60 3RL,Southern,9439
498,Dr. MCSHANE & PARTNER               ,MCSHANE AND CAMPBELL PRACTICE,"MOY HEALTH CENTRE, CHARLEMONT STREET",MOY,BT71 7SL,Southern,3758
499,Dr. POTTER & PARTNER                ,ERRIGAL MEDICAL CENTRE,OLD DUNGANNON ROAD,"BALLYGAWLEY,DUNGANNON",BT70 2EY,Southern,4310
500,Dr. HERRON & PARTNER                ,22 BARRACK STREET,COALISLAND,DUNGANNON,BT71 4LS,Southern,2391
501,Dr. MCCONVILLE & PARTNER            ,MOY MEDICAL PRACTICE,CHARLEMONT STREET,MOY,BT71 7SL,Southern,2681
502,Dr. CARLILE & PARTNERS              ,15 DARTAN REE,TYNAN,ARMAGH,BT60 4QT,Southern,5764
503,Dr. WRIGHT & PARTNERS               ,THE HEALTH CENTRE,NEWRY STREET,"MARKETHILL, ARMAGH",BT60 1TA,Southern,6282
504,Dr. CLEARY & PARTNER                ,MOY MEDICAL CENTRE,CHARLEMONT STREET,"MOY, DUNGANNON",BT71 7SL,Southern,3622
505,Dr. GARLAND & PARTNERS              ,PARKVIEW SURGERY,"SOUTH TYRONE HOSPITAL SITE, CARLAND ROAD,",DUNGANNON,BT71 4AU,Southern,9093
506,Dr. GRIBBEN & PARTNER               ,2 SYDNEY LANE,AUGHNACLOY,CO TYRONE,BT69 6AF,Southern,5086
507,Dr. WATTERS                         ,THE HEALTH CENTRE,24A TASSAGH ROAD,KEADY,BT60 3TU,Southern,2729
508,Dr. PICKERING & PARTNER             ,TANDRAGEE MEDICAL CENTRE,3 MONTAGUE STREET,"TANDRAGEE, CRAIGAVON",BT62 2AN,Southern,3653
509,Dr. MCKAY & PARTNERS                ,57 THOMAS STREET,DUNGANNON,CO TYRONE,BT70 1HW,Southern,6447
512,Dr. O'DONNELL & PARTNERS            ,THE MEDICAL CENTRE,15 BARRACK STREET,"COALISLAND, DUNGANNON",BT71 4LS,Southern,4464
514,Dr. GARVIN & PARTNERS               ,THE ARCHWAY SURGERY,DOBBIN LANE,ARMAGH,BT61 7QG,Southern,8297
515,Dr. QUINN & PARTNERS                ,THE HEALTH CENTRE,"6 GREENVIEW, MAYNOOTH ROAD","RICHHILL, ARMAGH",BT61 9PD,Southern,5432
516,Dr. O'HAGAN & PARTNERS              ,THE FRIARY SURGERY,DOBBIN LANE,ARMAGH,BT61 7QG,Southern,9081
519,Dr. MITCHEL & PARTNER               ,THE SURGERY,10A LINESIDE,"COALISLAND, DUNGANNON",BT71 4LP,Southern,4164
526,Dr. MULLIGAN & PARTNERS             ,CORNMARKET SURGERY,NEWRY HEALTH VILLAGE,"MONAGHAN STREET, NEWRY",BT35 6BW,Southern,4867
528,Dr. FEE                             ,THE HEALTH CENTRE,MCCORMICK PLACE,"CROSSMAGLEN, NEWRY",BT35 9HD,Southern,4793
529,Dr. FLOOD & PARTNERS                ,CORNMARKET SURGERY,NEWRY HEALTH VILLAGE,"MONAGHAN STREET, NEWRY",BT35 6BW,Southern,6633
530,Dr. MEGAW                           ,THE HEALTH CENTRE,JOHN STREET,"RATHFRILAND, NEWRY",BT34 5QH,Southern,2928
531,Dr. ALLEN & PARTNER                 ,14 KILKEEL ROAD,ANNALONG,NEWRY,BT34 4TH,Southern,4223
532,Dr. CHAMBERS & PARTNER              ,KILKEEL PRIMARY CARE CENTRE,GREENCASTLE STREET,"KILKEEL, NEWRY",BT34 4BH,Southern,3852
533,Dr. VETTIANKAL                      ,MEIGH SURGERY,5B DRUMINTEE ROAD,"KILLEAVY, NEWRY",BT35 8JT,Southern,2781
534,Dr. FEARON & PARTNERS               ,CLANRYE SURGERY,NEWRY HEALTH VILLAGE,"MONAGHAN STREET, NEWRY",BT35 6BW,Southern,9069
535,Dr. WADE & PARTNERS                 ,THE HEALTH CENTRE,JOHN STREET,"RATHFRILAND, NEWRY",BT34 5QH,Southern,4351
536,Dr. MCGIVERN & PARTNERS             ,SUMMER HILL SURGERY,50 GREAT GEORGES STREET,"WARRENPOINT, NEWRY",BT34 3HS,Southern,8356
537,Dr. MCEVOY & PARTNERS               ,MCVERRY/MCEVOY MEDICAL CENTRE,NEWRY HEALTH VILLAGE,"MONAGHAN STREET, NEWRY",BT35 6BW,Southern,9651
539,Dr. FORSHAW & PARTNERS              ,CLANRYE SURGERY,NEWRY HEALTH VILLAGE,"MONAGHAN STREET, NEWRY",BT35 6BW,Southern,4599
540,Dr. O'NEILL & PARTNERS              ,MEADOWLANDS SURGERY,MONAGHAN STREET,NEWRY,BT35 6BW,Southern,7136
542,Dr. LAMBE & PARTNERS                ,53 DUNDALK STREET,NEWTOWNHAMILTON,NEWRY,BT35 0PB,Southern,3909
543,Dr. MURPHY & PARTNERS               ,THE HEALTH CENTRE,SUMMERHILL,"WARRENPOINT, NEWRY",BT34 3JD,Southern,4747
544,Dr. O'REILLY & PARTNERS             ,CORNMARKET SURGERY,NEWRY HEALTH VILLAGE,"MONAGHAN STREET, NEWRY",BT35 6BW,Southern,7308
545,Dr. MAGUIRE & PARTNER               ,MAPHONER SURGERY,2A FORKHILL ROAD,"MULLAGHBAWN, NEWRY",BT35 9RA,Southern,5156
546,Dr. MCKERNAN & PARTNER              ,BESSBROOK SURGERY,7A CONVENT HILL,"BESSBROOK, NEWRY",BT35 7AW,Southern,2439
547,Dr. SHANNON & PARTNER               ,THE HEALTH CENTRE,JOHN STREET,"RATHFRILAND, NEWRY",BT34 5QH,Southern,3739
549,Dr. MULHOLLAND & PARTNERS           ,THE HEALTH CENTRE,2A MARKETHILL ROAD,"NEWTOWNHAMILTON, NEWRY",BT35 0BE,Southern,4484
551,Dr. ALLEN & PARTNER                 ,RATHKEELAND HOUSE,1 BLANEY ROAD,"CROSSMAGLEN, NEWRY",BT35 9JJ,Southern,4209
553,Dr. BONNER                          ,MARINA SURGERY,15 HAVELOCK PLACE,"WARRENPOINT, NEWRY",BT34 3NE,Southern,2215
554,Dr. POOTS & PARTNERS                ,MOURNE FAMILY SURGERY,"MOURNE HOSPITAL, NEWRY STREET","KILKEEL,NEWRY",BT34 4DN,Southern,4199
555,Dr. MERCER & PARTNER                ,KILKEEL PRIMARY CARE CENTRE,GREENCASTLE STREET,"KILKEEL, NEWRY",BT34 4BH,Southern,1847
556,Dr. DILLON & PARTNERS               ,SHANLIEVE SURGERY,"KILKEEL PRIMARY CARE CENTRE, GREENCASTLE STREET","KILKEEL, NEWRY",BT34 4BH,Southern,3439
557,Dr. PATTERSON & PARTNERS            ,Arbor Family Practice,Brownlow Health Centre,"1 LEGAHORY CENTRE, LEGAHORY, CRAIGAVON",BT65 5BE,Southern,2991
562,Dr. MAGUIRE & PARTNERS              ,THE HEALTH CENTRE,ERNE ROAD,ENNISKILLEN,BT74 6NN,Western,4225
563,Dr. GUETTE                          ,"DEVENISH PRACTICE, THE HEALTH CENTRE",ERNE ROAD,ENNISKILLEN,BT74 6NN,Western,3971
564,Dr. MEADE & PARTNERS                ,LAKESIDE MEDICAL PRACTICE,ERNE ROAD,ENNISKILLEN,BT74 6NN,Western,7073
566,Dr. MCCAW & PARTNERS                ,IRVINESTOWN HEALTH CENTRE,CHURCH STREET,IRVINESTOWN,BT94 1EH,Western,7634
568,Dr. MALLON & PARTNER                ,THE HEALTH CENTRE,ERNE ROAD,ENNISKILLEN,BT74 6NN,Western,2968
571,Dr. CATHCART & PARTNERS             ,THE HEALTH CENTRE,ERNE ROAD,ENNISKILLEN,BT74 6NN,Western,7387
574,Dr. PORTEOUS & PARTNERS             ,MAPLE GROUP PRACTICE,DRUMHAW,"LISNASKEA, ENNISKILLEN",BT92 0FP,Western,14319
576,Dr. HERDMAN & PARTNERS              ,RATHMORE CLINIC,BELLEEK,ENNISKILLEN,BT93 3FY,Western,3848
584,Dr. CROMIE & PARTNERS               ,BROOKEBOROUGH & TEMPO PRIMARY CARE SERVICES,9 TANYARD LANE,"BROOKEBOROUGH, ENNISKILLEN",BT94 4JG,Western,7207
585,Dr. CUNNINGHAM & PARTNERS           ,CUILCAGH MEDICAL PRACTICE,DRUMLAGHY,"FLORENCECOURT, ENNISKILLEN",BT92 1BZ,Western,7721
596,Dr. COSGROVE & PARTNERS             ,"CITYVIEW MEDICAL, WATERSIDE HEALTH CENTRE",SPENCER ROAD,LONDONDERRY,BT47 6AH,Western,9723
597,Dr. MCQUILLAN & PARTNERS            ,BOVALLY MEDICAL CENTRE,2 ROSSAIR ROAD,LIMAVADY,BT49 0TE,Western,6094
598,Dr. DURAND & PARTNERS               ,QUAYSIDE MEDICAL PRACTICE,80 - 84 STRAND ROAD,LONDONDERRY,BT48 7NN,Western,12104
599,Dr. O'DONNELL & PARTNERS            ,"PARK MEDICAL, THE HEALTH CENTRE",GREAT JAMES STREET,LONDONDERRY,BT48 7DH,Western,8242
600,Dr. GALLAGHER & PARTNERS            ,THE HEALTH CENTRE,IRWIN CRESCENT,"CLAUDY, LONDONDERRY",BT47 4AB,Western,4955
601,Dr. ROBINSON & PARTNERS             ,MOURNESIDE MEDICAL CENTRE,1A BALLYCOLMAN AVENUE,STRABANE,BT82 9AF,Western,10790
602,Dr. DOHERTY & PARTNERS              ,OAKLEAF MEDICAL PRACTICE,GREAT JAMES STREET,LONDONDERRY,BT48 7DH,Western,10646
603,Dr. KNOX & PARTNER                  ,THE HEALTH CENTRE,FEENY,LONDONDERRY,BT47 4TD,Western,5937
604,Dr. MCCLOSKEY & PARTNERS            ,THE ABERFOYLE SURGERY,120 STRAND ROAD,LONDONDERRY,BT48 7NY,Western,11423
605,Dr. FULLERTON & PARTNER             ,256 BERRYHILL ROAD,DUNAMANAGH,STRABANE,BT82 0NB,Western,4045
606,Dr. BANKHEAD & PARTNERS             ,BRIDGE STREET MEDICAL CENTRE,BRIDGE STREET,LONDONDERRY,BT48 6LD,Western,4797
608,Dr. BLACK & PARTNERS                ,ABBEY MEDICAL PRACTICE,ABBEY STREET,LONDONDERRY,BT48 9DN,Western,6915
609,Dr. PRATT & PARTNERS                ,ROSSAIR FAMILY PRACTICE,2 ROSSAIR ROAD,LIMAVADY,BT49 0TE,Western,6561
610,Dr. O'FLAHERTY & PARTNERS           ,STRABANE HEALTH CENTRE,UPPER MAIN STREET,STRABANE,BT82 8AS,Western,7785
614,Dr. WARNOCK & PARTNERS              ,DUNGIVEN HEALTH CENTRE,DUNGIVEN,LONDONDERRY,BT47 4RS,Western,3566
615,Dr. LALSINGH & PARTNERS             ,CLARENDON MEDICAL,35 NORTHLAND AVENUE,LONDONDERRY,BT48 7GW,Western,10997
616,Dr. O'HARE & PARTNERS               ,WESTERN RURAL HEALTHCARE,CASTLEDERG GROUP SURGERY,"13A LOWER STRABANE ROAD, CASTLEDERG",BT81 7AZ,Western,15149
618,Dr. DOHERTY                         ,49 CLARENDON STREET,LONDONDERRY,,BT48 7ER,Western,2862
619,Dr. QUINN & PARTNERS                ,THE HEALTH CENTRE,SCROGGY ROAD,LIMAVADY,BT49 0NA,Western,5896
620,Dr. ETHERSON & PARTNERS             ,STRABANE HEALTH CENTRE,UPPER MAIN STREET,STRABANE,BT82 8AS,Western,6480
621,Dr. DEANE & PARTNER                 ,NORTHSIDE MEDICAL PRACTICE,"SHANTALLOW HEALTH CENTRE, RACECOURSE ROAD",LONDONDERRY,BT48 8NL,Western,3618
622,Dr. DEVLIN & PARTNER                ,"RACECOURSE MEDICAL, SHANTALLOW HEALTH CENTRE",RACECOURSE ROAD,LONDONDERRY,BT48 8NL,Western,4776
623,Dr. ORR & PARTNERS                  ,FOYLESIDE FAMILY PRACTICE,BRIDGE STREET MEDICAL CENTRE,"BRIDGE STREET, LONDONDERRY",BT48 6LD,Western,5879
624,Dr. O'FLAHERTY & PARTNERS           ,"GLENDERMOTT MEDICAL, WATERSIDE HEALTH CENTRE",SPENCER ROAD,LONDONDERRY,BT47 6AH,Western,7744
625,Dr. MCEVOY & PARTNER                ,BAYVIEW MEDICAL CENTRE,3 BAYVIEW TERRACE,LONDONDERRY,BT48 7EE,Western,3999
626,Dr. HEALY & PARTNERS                ,"RIVERFRONT MEDICAL, WATERSIDE HEALTH CENTRE",SPENCER ROAD,LONDONDERRY,BT47 6AH,Western,8717
627,Dr. PATTERSON & PARTNERS            ,EGLINTON MEDICAL PRACTICE,29 MAIN STREET,"EGLINTON, LONDONDERRY",BT47 3AB,Western,7582
629,Dr. HENDERSON & PARTNERS            ,THE HEALTH CENTRE,SCROGGY ROAD,LIMAVADY,BT49 0NA,Western,6980
651,Dr. MONAGHAN & PARTNERS             ,FINTONA GROUP PRACTICE,33 DROMORE ROAD,"FINTONA, OMAGH",BT78 2BB,Western,6753
652,Dr. RITCHIE & PARTNER               ,2H MAIN STREET,DRUMQUIN,CO TYRONE,BT78 4SB,Western,1935
654,Dr. QUINN & PARTNERS                ,GRANGE FAMILY PRACTICE,7 DONAGHANIE ROAD,OMAGH,BT79 0NR,Western,6713
655,Dr. SCULLY                          ,23 OMAGH ROAD,DRUMQUIN,OMAGH,BT78 4QY,Western,1552
657,Dr. O'NEILL & PARTNERS              ,THREE SPIRES SURGERY,7 DONAGHANIE ROAD,OMAGH,BT79 0NR,Western,10173
660,Dr. CORRY & PARTNERS                ,CARRICKMORE HEALTH CENTRE,TERMON ROAD,"CARRICKMORE, OMAGH",BT79 9JR,Western,9359
661,Dr. REILLY                          ,DROMORE SURGERY,16 CAMDERRY ROAD,"DROMORE, OMAGH",BT78 3AU,Western,5881
662,Dr. GALLAGHER & PARTNERS            ,DRUMRAGH FAMILY PRACTICE,7 DONAGHANIE ROAD,OMAGH,BT79 0NR,Western,10776
663,Dr. DEEHAN & PARTNER                ,STRULE MEDICAL PRACTICE,7 DONAGHANIE ROAD,OMAGH,BT79 0NR,Western,3140
664,Dr. HICKS & PARTNER                 ,41 MAIN STREET,PLUMBRIDGE,OMAGH,BT79 8DL,Western,3319
